Indicativo;parámetro;enero;febrero;marzo;abril;mayo;junio;julio;agosto;septiembre;octubre;noviembre;diciembre;anual
1387;N;30;30;30;30;30;30;30;30;30;30;30;29;29
1387;Min;11.3;11.8;12.8;12.9;14.4;18.6;20.7;21.3;19.7;16.0;14.7;12.2;16.6
1387;Q1;12.7;12.6;14.6;14.9;17.1;19.1;21.3;21.9;21.2;17.9;15.0;13.5;17.3
1387;Q2;13.0;13.5;15.2;15.6;17.8;20.2;21.5;22.8;21.8;18.8;15.4;13.9;17.6
1387;Q3;13.7;14.6;15.6;16.6;18.6;21.0;22.1;23.1;22.3;19.4;16.2;14.3;18.0
1387;Q4;14.5;14.9;16.2;17.3;19.6;21.7;23.1;23.5;23.0;20.5;17.3;14.9;18.3
1387;Max;15.0;17.9;19.4;19.1;20.2;22.8;24.5;25.0;23.6;21.9;18.4;16.1;18.9
1387;Mn;13.4;14.3;15.6;15.8;18.1;20.6;21.9;22.9;22.1;19.0;15.7;14.1;17.9
1387;Md;13.5;14.1;15.5;16.2;18.1;20.6;22.1;22.8;22.0;19.1;16.0;14.2;17.8
1387;S;0.89;1.43;1.33;1.38;1.32;1.21;1.01;0.82;1.04;1.49;1.13;0.82;0.60
1387;Cv;0.07;0.10;0.09;0.09;0.07;0.06;0.05;0.04;0.05;0.08;0.07;0.06;0.03
1387E;N;29;29;30;30;30;30;29;28;29;29;27;29;25
1387E;Min;11.1;11.0;13.6;12.5;15.0;19.1;21.3;22.4;19.9;16.2;14.2;12.2;17.1
1387E;Q1;12.3;12.4;14.6;15.2;17.3;20.2;22.1;22.9;21.8;17.3;14.7;13.1;17.7
1387E;Q2;12.8;12.9;15.3;15.7;18.2;21.0;22.5;23.3;22.3;18.9;15.1;13.6;17.8
1387E;Q3;13.3;14.3;15.7;16.9;19.0;21.7;23.2;23.8;22.8;19.5;15.8;13.9;18.1
1387E;Q4;14.1;14.9;16.6;18.3;20.1;22.8;23.9;24.7;23.5;21.1;17.3;14.6;18.3
1387E;Max;14.8;16.7;20.5;20.4;21.7;23.6;25.6;25.6;25.5;21.8;19.1;15.4;19.2
1387E;Mn;12.9;13.9;15.6;16.1;18.6;21.4;23.0;23.5;22.4;19.2;15.2;13.7;17.9
1387E;Md;13.1;13.7;15.7;16.5;18.6;21.4;23.1;23.7;22.5;19.2;15.8;13.8;18.0
1387E;S;0.97;1.37;1.44;1.77;1.52;1.27;1.12;0.95;1.25;1.62;1.35;0.76;0.50
1387E;Cv;0.07;0.10;0.09;0.11;0.08;0.06;0.05;0.04;0.06;0.08;0.09;0.05;0.03
1428;N;29;30;28;28;29;28;30;29;28;27;28;27;24
1428;Min;9.1;9.3;11.7;11.1;14.0;19.0;21.8;21.3;19.0;15.0;12.6;10.4;16.2
1428;Q1;10.5;10.9;13.7;14.1;16.9;20.6;22.6;23.3;21.3;16.4;13.1;11.5;16.9
1428;Q2;11.0;12.0;14.3;15.5;17.7;21.4;23.6;24.1;22.3;17.4;13.4;11.6;17.4
1428;Q3;11.4;13.1;15.2;16.4;19.6;22.6;24.7;25.4;23.2;18.7;14.4;11.9;17.7
1428;Q4;12.3;13.9;16.9;18.5;20.5;23.9;25.4;26.1;24.2;20.0;15.7;12.9;18.1
1428;Max;13.4;16.3;22.2;21.6;22.7;25.8;27.6;28.4;27.6;21.2;18.8;13.7;18.9
1428;Mn;11.1;12.5;14.7;16.0;19.0;22.2;24.4;24.3;22.8;18.1;13.7;11.6;17.6
1428;Md;11.2;12.5;15.1;16.1;18.6;22.2;24.3;24.8;22.7;18.0;14.3;12.0;17.6
1428;S;1.11;1.75;2.14;2.52;2.08;1.85;1.56;1.70;1.88;1.84;1.48;0.91;0.64
1428;Cv;0.10;0.14;0.14;0.16;0.11;0.08;0.06;0.07;0.08;0.10;0.10;0.08;0.04
8175;N;30;30;30;30;30;30;30;30;30;30;30;29;29
8175;Min;8.1;9.2;11.8;14.0;15.8;22.1;30.0;29.3;22.5;16.0;12.1;9.2;19.0
8175;Q1;9.0;10.2;14.5;16.8;21.2;27.4;31.9;31.0;25.9;18.9;12.9;10.3;19.9
8175;Q2;10.0;11.5;15.7;17.7;22.2;28.9;33.0;32.1;26.7;19.9;13.9;10.5;20.6
8175;Q3;11.0;12.7;17.0;19.2;23.3;29.9;33.8;32.8;27.5;21.0;14.7;11.0;21.0
8175;Q4;11.8;14.4;17.9;20.2;25.2;30.7;34.3;33.6;28.3;22.6;15.8;11.6;21.2
8175;Max;13.3;18.0;20.3;21.2;26.2;32.9;35.6;34.5;30.1;24.1;17.9;12.7;21.7
8175;Mn;10.7;12.5;16.4;18.4;22.9;29.4;33.2;32.6;27.1;20.6;14.4;10.7;20.8
8175;Md;10.5;12.5;16.3;18.4;22.8;29.1;33.2;32.3;27.0;20.6;14.5;10.9;20.7
8175;S;1.36;2.32;1.88;1.76;2.27;2.28;1.36;1.32;1.77;1.96;1.47;0.90;0.74
8175;Cv;0.13;0.19;0.12;0.10;0.10;0.08;0.04;0.04;0.07;0.10;0.10;0.08;0.04
8178D;N;28;28;28;28;28;26;28;28;28;28;28;26;24
8178D;Min;8.9;10.3;12.9;14.4;16.2;22.0;30.0;29.4;23.6;17.1;12.9;9.7;19.8
8178D;Q1;9.7;10.9;14.8;17.1;21.5;27.7;32.5;31.8;26.8;20.0;13.7;10.9;20.7
8178D;Q2;10.7;12.4;16.3;18.3;22.6;29.7;33.5;33.1;27.5;21.0;14.9;11.3;21.4
8178D;Q3;11.5;14.0;17.7;20.3;24.4;30.3;34.1;33.5;28.4;21.9;15.4;11.6;21.7
8178D;Q4;12.2;15.2;18.1;20.7;25.9;31.5;35.3;34.2;29.2;23.1;16.6;12.2;22.1
8178D;Max;14.2;18.3;20.4;22.3;27.3;33.8;36.3;35.3;31.4;25.4;18.7;13.0;22.8
8178D;Mn;11.3;13.4;17.2;19.5;23.1;30.1;33.8;33.4;27.9;21.3;15.1;11.5;21.5
8178D;Md;11.2;13.4;16.9;19.0;23.4;29.6;33.8;33.1;27.9;21.5;15.2;11.5;21.4
8178D;S;1.41;2.29;1.86;1.96;2.52;2.56;1.49;1.43;1.80;2.02;1.43;0.85;0.77
8178D;Cv;0.13;0.17;0.11;0.10;0.11;0.09;0.04;0.04;0.06;0.09;0.09;0.07;0.04
8025;N;30;29;30;30;30;30;30;30;30;30;30;30;29
8025;Min;14.8;15.4;17.7;19.4;21.4;25.6;28.3;28.9;27.1;22.6;18.2;15.9;22.5
8025;Q1;16.0;16.4;18.6;20.3;23.2;27.1;29.6;29.8;27.7;23.9;19.5;17.0;22.9
8025;Q2;16.6;17.3;19.1;21.1;23.8;27.5;30.1;30.8;28.3;24.4;20.2;17.4;23.3
8025;Q3;17.4;17.6;19.8;21.6;24.5;28.1;30.7;31.3;28.6;25.2;20.7;17.8;23.6
8025;Q4;17.9;18.9;20.4;22.2;25.0;28.5;31.2;31.5;29.2;26.0;21.8;18.4;23.7
8025;Max;19.8;20.7;23.2;23.0;27.0;30.3;32.0;33.0;30.5;27.1;22.6;19.7;24.0
8025;Mn;16.9;17.4;19.4;21.4;24.1;28.0;30.3;31.0;28.4;24.9;20.3;17.7;23.4
8025;Md;17.0;17.7;19.6;21.3;24.1;27.8;30.3;30.8;28.5;24.9;20.5;17.7;23.3
8025;S;1.17;1.44;1.26;0.97;1.20;1.00;0.94;0.99;0.85;1.08;1.16;0.94;0.42
8025;Cv;0.07;0.08;0.06;0.05;0.05;0.04;0.03;0.03;0.03;0.04;0.06;0.05;0.02
8019;N;30;29;30;29;29;28;29;30;29;29;30;29;24
8019;Min;13.8;14.8;17.4;19.8;21.8;25.7;28.2;29.1;26.3;22.2;17.7;15.0;22.4
8019;Q1;15.3;15.8;18.2;20.1;22.9;26.8;29.2;29.7;27.5;23.9;19.1;16.2;22.9
8019;Q2;16.4;16.8;18.9;20.8;23.6;27.4;29.7;30.1;28.2;24.3;20.1;17.1;23.1
8019;Q3;17.0;18.0;19.5;21.6;24.1;27.6;30.4;31.0;28.8;25.1;20.7;17.6;23.4
8019;Q4;17.7;18.7;20.4;22.1;24.5;28.3;31.1;31.7;29.6;26.0;21.6;18.2;23.6
8019;Max;19.0;20.6;23.2;22.8;25.2;29.9;32.5;32.9;31.4;26.8;22.5;19.9;24.3
8019;Mn;16.7;17.2;19.2;21.3;23.9;27.5;30.1;30.6;28.3;24.7;20.5;17.3;23.2
8019;Md;16.7;17.4;19.4;21.2;23.8;27.6;30.1;30.7;28.5;24.8;20.3;17.3;23.2
8019;S;1.25;1.50;1.29;0.94;0.86;1.00;1.11;0.98;1.17;1.11;1.25;1.13;0.47
8019;Cv;0.08;0.09;0.07;0.04;0.04;0.04;0.04;0.03;0.04;0.04;0.06;0.07;0.02
6325O;N;30;30;29;30;29;29;30;29;29;30;29;29;27
6325O;Min;15.3;15.5;17.9;19.9;21.3;24.8;28.4;28.8;25.5;22.2;18.7;16.2;22.8
6325O;Q1;16.1;16.6;18.9;20.6;23.4;27.0;29.6;29.9;26.9;23.6;19.3;16.9;23.0
6325O;Q2;16.8;17.5;19.5;21.1;23.8;27.6;30.2;30.4;28.1;24.1;20.2;17.8;23.2
6325O;Q3;17.1;18.0;19.8;21.6;24.1;28.3;30.6;31.1;28.6;24.7;20.8;18.2;23.5
6325O;Q4;17.6;18.6;20.4;22.3;25.0;29.2;31.6;32.4;29.6;25.7;21.4;18.7;23.8
6325O;Max;18.6;19.4;21.3;23.1;26.0;30.2;32.8;33.0;31.1;26.6;22.9;19.3;24.1
6325O;Mn;16.9;17.8;19.6;21.3;24.1;28.0;30.5;31.0;28.4;24.3;20.5;18.0;23.3
6325O;Md;16.9;17.6;19.6;21.4;24.0;28.0;30.5;30.9;28.4;24.5;20.5;18.0;23.4
6325O;S;0.81;1.00;0.77;0.84;1.10;1.20;1.03;1.24;1.47;1.12;1.01;0.84;0.39
6325O;Cv;0.05;0.06;0.04;0.04;0.05;0.04;0.03;0.04;0.05;0.05;0.05;0.05;0.02
9091O;N;30;30;30;30;30;30;30;30;30;30;30;30;30
9091O;Min;4.8;6.3;9.8;9.7;12.5;18.4;22.8;22.6;19.9;13.7;9.5;6.5;15.4
9091O;Q1;7.2;7.9;12.3;13.9;17.6;21.6;24.4;23.8;21.1;16.8;11.0;7.9;16.4
9091O;Q2;8.2;9.0;13.2;14.9;19.1;22.3;25.5;25.2;22.9;17.9;11.6;8.6;16.8
9091O;Q3;9.4;10.9;14.1;16.2;20.6;23.3;25.9;26.6;23.3;19.0;13.0;9.2;17.2
9091O;Q4;10.3;12.9;15.4;16.9;21.3;24.6;26.9;27.6;24.8;20.1;14.2;10.3;17.9
9091O;Max;11.3;15.5;18.4;18.3;22.1;27.5;28.5;30.9;27.2;22.2;15.2;12.7;18.5
9091O;Mn;8.8;9.6;13.5;15.6;19.4;22.8;25.8;26.0;23.2;18.2;12.2;8.9;16.9
9091O;Md;8.7;10.3;13.7;15.4;19.3;23.0;25.7;25.9;23.1;18.3;12.4;9.1;17.1
9091O;S;1.73;2.44;1.96;1.86;2.26;1.90;1.47;1.96;1.84;2.01;1.67;1.43;0.75
9091O;Cv;0.20;0.24;0.14;0.12;0.12;0.08;0.06;0.08;0.08;0.11;0.13;0.16;0.04
1212E;N;30;30;30;30;30;30;30;29;29;29;29;29;29
1212E;Min;10.1;10.2;12.1;11.9;13.4;17.6;20.2;21.0;19.2;15.3;13.2;10.8;16.1
1212E;Q1;11.5;11.4;13.5;14.3;16.3;18.8;20.8;21.4;20.1;17.8;13.7;12.3;16.6
1212E;Q2;12.5;12.6;13.9;14.8;17.0;19.3;21.2;21.9;20.7;18.3;15.0;13.1;17.0
1212E;Q3;13.5;13.4;14.5;15.3;17.5;20.0;21.7;22.4;21.3;18.7;16.1;13.7;17.1
1212E;Q4;14.4;15.0;15.8;16.1;18.3;20.5;22.3;23.0;22.2;20.1;16.6;14.3;17.6
1212E;Max;15.2;17.6;17.3;17.8;19.5;21.2;23.6;24.4;23.5;21.6;17.6;16.6;18.1
1212E;Mn;12.9;13.1;14.2;15.1;17.4;19.7;21.4;22.2;21.1;18.7;15.3;13.4;17.0
1212E;Md;12.9;13.1;14.6;15.1;17.3;19.6;21.5;22.2;21.2;18.7;15.3;13.3;17.1
1212E;S;1.45;1.80;1.32;1.17;1.29;0.91;0.78;0.83;1.10;1.52;1.33;1.33;0.53
1212E;Cv;0.11;0.14;0.09;0.08;0.07;0.05;0.04;0.04;0.05;0.08;0.09;0.10;0.03
1208H;N;9;9;9;10;10;10;10;10;10;10;10;10;9
1208H;Min;;;;;;;;;;;;;
1208H;Q1;;;;;;;;;;;;;
1208H;Q2;;;;;;;;;;;;;
1208H;Q3;;;;;;;;;;;;;
1208H;Q4;;;;;;;;;;;;;
1208H;Max;;;;;;;;;;;;;
1208H;Mn;;;;;;;;;;;;;
1208H;Md;;;;;;;;;;;;;
1208H;S;;;;;;;;;;;;;
1208H;Cv;;;;;;;;;;;;;
1249I;N;30;30;30;30;30;30;30;30;30;30;30;30;30
1249I;Min;8.8;9.0;11.8;11.1;12.7;18.3;21.5;20.9;19.2;14.1;11.7;10.0;16.2
1249I;Q1;10.3;10.8;13.8;14.4;17.3;19.8;21.9;22.2;20.6;17.3;13.2;11.1;16.9
1249I;Q2;11.5;12.0;14.3;15.3;17.9;20.4;22.6;23.1;21.9;18.3;14.0;11.9;17.2
1249I;Q3;12.5;13.3;14.9;15.9;18.6;21.2;23.0;23.7;22.5;19.2;15.1;12.7;17.5
1249I;Q4;13.7;14.7;16.5;17.1;19.7;21.9;23.4;24.3;23.0;20.8;16.3;13.5;17.9
1249I;Max;14.2;17.8;18.6;18.8;21.1;23.5;25.4;26.3;25.0;21.3;17.3;15.9;18.6
1249I;Mn;12.1;12.4;14.7;15.5;18.4;20.7;22.8;23.4;22.2;18.6;14.4;12.4;17.3
1249I;Md;12.0;12.7;14.9;15.7;18.2;20.9;22.8;23.3;22.1;18.7;14.6;12.4;17.4
1249I;S;1.55;2.14;1.51;1.61;1.63;1.19;0.97;1.25;1.49;1.84;1.60;1.40;0.55
1249I;Cv;0.13;0.17;0.10;0.10;0.09;0.06;0.04;0.05;0.07;0.10;0.11;0.11;0.03
2444;N;28;27;28;28;27;27;27;28;28;28;27;28;25
2444;Min;5.2;5.9;8.3;9.6;14.5;17.9;25.7;23.6;19.4;12.0;8.2;6.7;15.6
2444;Q1;6.3;6.9;10.7;12.1;16.4;23.3;27.0;27.0;21.5;15.4;9.9;7.6;16.5
2444;Q2;6.9;8.5;12.4;14.3;17.8;24.6;28.3;27.9;23.0;17.0;10.5;8.4;16.8
2444;Q3;7.6;10.3;13.0;15.2;19.1;25.2;28.9;28.3;24.1;17.6;11.6;8.7;17.1
2444;Q4;9.0;11.3;14.2;15.9;20.9;26.4;29.8;29.1;24.8;18.7;13.0;9.2;17.6
2444;Max;11.3;13.5;17.5;18.4;22.3;28.4;30.9;30.8;27.5;20.3;14.1;9.8;18.1
2444;Mn;7.3;9.5;12.9;14.8;18.5;25.0;28.8;28.0;23.6;17.1;11.4;8.6;17.1
2444;Md;7.6;9.4;12.6;14.3;18.5;24.6;28.5;27.9;23.4;16.9;11.2;8.4;17.0
2444;S;1.50;2.19;1.98;2.10;2.10;2.45;1.43;1.50;2.02;2.04;1.63;0.84;0.60
2444;Cv;0.20;0.23;0.16;0.15;0.11;0.10;0.05;0.05;0.09;0.12;0.15;0.10;0.04
4452;N;30;30;30;30;30;30;30;30;30;30;30;30;30
4452;Min;12.2;13.5;16.0;17.3;19.9;26.6;31.7;32.2;26.7;19.8;16.4;12.8;22.4
4452;Q1;12.9;15.0;18.4;19.8;23.5;29.7;33.7;33.4;28.6;22.7;16.9;13.6;23.4
4452;Q2;13.8;15.4;19.8;21.3;24.9;31.4;34.6;34.0;30.5;24.1;17.7;14.2;23.7
4452;Q3;14.3;16.7;20.5;22.2;26.5;32.2;35.4;34.8;31.1;24.5;18.4;14.5;23.9
4452;Q4;14.9;17.6;21.7;23.1;27.8;32.8;36.0;35.9;31.7;25.4;19.4;15.4;24.2
4452;Max;16.3;18.9;25.3;25.3;29.1;35.0;37.3;37.1;34.2;28.0;22.6;15.9;25.1
4452;Mn;14.1;16.3;19.9;21.9;25.9;32.0;34.9;34.3;30.9;24.2;18.0;14.4;23.9
4452;Md;14.0;16.1;20.1;21.6;25.7;31.4;34.8;34.5;30.5;24.1;18.2;14.4;23.8
4452;S;1.01;1.45;1.89;1.93;2.31;2.09;1.40;1.31;1.85;1.83;1.33;0.82;0.59
4452;Cv;0.07;0.09;0.09;0.09;0.09;0.07;0.04;0.04;0.06;0.08;0.07;0.06;0.02
B954;N;27;28;29;30;30;27;29;28;28;27;26;27;17
B954;Min;13.2;13.8;15.4;17.5;19.5;24.1;27.7;28.6;26.5;21.9;17.4;14.8;21.2
B954;Q1;14.9;14.8;16.9;18.8;21.6;26.1;29.0;29.3;26.9;22.9;18.7;16.2;21.7
B954;Q2;15.5;15.4;17.4;19.4;22.5;26.5;29.5;29.9;27.5;23.9;19.1;16.5;22.2
B954;Q3;16.0;16.3;18.2;20.0;23.2;27.1;29.8;30.6;27.9;24.3;20.3;16.9;22.6
B954;Q4;16.6;17.1;18.6;20.6;23.7;27.4;30.2;31.2;28.6;25.1;20.5;17.7;22.7
B954;Max;17.2;18.5;20.9;21.6;24.7;29.8;31.9;33.1;29.9;26.0;21.1;18.6;22.8
B954;Mn;15.8;16.0;17.5;19.7;23.0;26.9;29.6;30.4;27.7;24.1;19.8;16.6;22.4
B954;Md;15.7;16.1;17.7;19.7;22.7;26.8;29.7;30.3;27.9;24.0;19.6;16.7;22.3
B954;S;0.96;1.27;1.07;0.92;1.19;1.06;0.83;1.11;0.95;1.09;0.97;0.89;0.47
B954;Cv;0.06;0.08;0.06;0.05;0.05;0.04;0.03;0.04;0.03;0.05;0.05;0.05;0.02
B893;N;28;30;29;30;28;29;30;30;29;30;30;28;23
B893;Min;10.7;11.6;13.5;16.0;18.2;23.3;26.3;27.0;24.1;20.6;16.2;13.3;19.4
B893;Q1;13.4;12.9;15.0;17.4;20.4;25.0;27.8;28.2;25.6;21.4;16.9;14.4;20.3
B893;Q2;13.7;13.7;15.4;17.7;21.4;25.4;28.5;28.9;25.9;22.3;17.6;15.0;20.6
B893;Q3;14.6;14.2;16.3;18.2;21.9;25.9;29.2;29.4;26.3;23.0;18.6;15.5;21.0
B893;Q4;15.0;15.8;17.1;18.6;22.8;26.3;30.2;29.9;27.0;24.2;19.0;16.2;21.4
B893;Max;16.1;17.2;19.4;19.7;23.5;29.5;31.8;33.0;29.2;25.0;20.7;17.6;21.6
B893;Mn;13.9;14.0;15.7;18.0;21.7;25.6;28.9;29.3;26.2;22.6;18.2;15.2;20.8
B893;Md;14.1;14.2;15.9;18.0;21.5;25.8;28.9;29.2;26.2;22.7;18.1;15.3;20.8
B893;S;1.10;1.41;1.27;0.85;1.31;1.22;1.28;1.21;1.06;1.31;1.14;1.03;0.57
B893;Cv;0.08;0.10;0.08;0.05;0.06;0.05;0.04;0.04;0.04;0.06;0.06;0.07;0.03
B228;N;30;30;30;29;29;30;30;29;29;30;29;28;24
B228;Min;12.5;12.9;15.1;17.7;19.0;23.2;27.0;27.7;24.7;21.2;17.7;14.7;20.6
B228;Q1;14.4;14.3;16.1;18.5;21.3;25.4;28.6;28.8;26.4;22.7;18.2;15.6;21.2
B228;Q2;15.0;14.9;16.6;18.7;22.1;26.2;29.1;29.4;26.8;23.3;18.7;16.3;21.6
B228;Q3;15.8;15.5;17.5;19.6;22.7;26.6;29.6;29.9;27.2;24.1;19.8;16.6;22.0
B228;Q4;16.6;16.8;18.2;20.1;23.9;27.4;30.1;30.4;27.8;24.9;20.1;17.4;22.3
B228;Max;17.3;18.7;20.4;20.7;24.5;30.4;31.5;33.7;28.9;26.0;21.4;18.4;22.8
B228;Mn;15.4;15.1;17.2;19.1;22.5;26.5;29.4;29.8;27.0;23.8;19.7;16.5;21.8
B228;Md;15.4;15.5;17.2;19.2;22.4;26.5;29.4;29.8;27.1;23.7;19.3;16.4;21.8
B228;S;1.06;1.46;1.19;0.81;1.38;1.37;0.95;1.12;0.95;1.23;1.05;0.93;0.59
B228;Cv;0.07;0.09;0.07;0.04;0.06;0.05;0.03;0.04;0.04;0.05;0.05;0.06;0.03
B278;N;29;30;30;28;28;27;30;30;30;28;28;30;21
B278;Min;12.4;12.8;15.0;17.7;19.9;24.5;28.8;29.1;24.9;21.2;17.2;14.3;21.3
B278;Q1;14.2;14.2;16.5;18.9;22.5;26.9;30.1;30.2;27.0;22.5;18.0;15.3;21.8
B278;Q2;14.8;14.7;17.1;19.6;23.2;27.8;30.8;30.9;27.4;23.3;18.3;15.9;22.1
B278;Q3;15.2;15.5;17.7;20.1;24.4;28.5;31.5;31.8;28.2;24.1;19.5;16.4;22.5
B278;Q4;16.3;17.1;18.7;20.7;25.3;28.9;32.1;32.2;29.1;25.1;20.1;17.0;22.8
B278;Max;16.9;18.4;20.5;21.1;26.2;32.4;33.5;34.6;31.1;26.6;22.0;17.6;23.3
B278;Mn;15.2;15.1;17.4;19.7;23.7;28.0;31.3;31.3;27.8;23.7;19.3;16.2;22.3
B278;Md;15.1;15.4;17.5;19.8;23.7;28.1;31.2;31.3;27.9;23.8;19.1;16.1;22.3
B278;S;1.06;1.43;1.27;0.92;1.60;1.49;1.15;1.16;1.29;1.36;1.20;0.91;0.50
B278;Cv;0.07;0.09;0.07;0.05;0.07;0.05;0.04;0.04;0.05;0.06;0.06;0.06;0.02
0200E;N;30;30;30;30;30;30;30;30;30;30;30;30;30
0200E;Min;7.0;9.4;12.6;14.4;17.1;20.9;25.7;25.6;21.9;17.4;12.6;9.3;18.0
0200E;Q1;9.9;10.7;13.6;16.4;19.3;23.4;27.4;26.8;23.4;18.9;13.8;11.2;18.5
0200E;Q2;10.8;11.7;14.8;17.0;20.6;24.8;27.9;27.9;24.5;19.8;14.2;11.7;19.2
0200E;Q3;11.7;12.8;15.5;17.7;21.6;25.4;28.5;28.7;25.1;20.4;15.2;11.9;19.5
0200E;Q4;12.4;14.7;16.5;18.2;22.5;26.7;30.0;29.2;25.5;21.2;15.8;12.6;19.7
0200E;Max;13.2;15.9;19.0;19.3;23.7;30.4;31.6;33.5;27.4;22.8;17.4;13.6;20.3
0200E;Mn;11.4;12.2;15.0;17.5;21.3;25.3;28.3;28.3;24.7;20.2;14.7;11.9;19.3
0200E;Md;11.2;12.4;15.1;17.3;21.0;25.2;28.5;28.3;24.6;20.1;14.7;11.8;19.2
0200E;S;1.36;1.82;1.57;1.03;1.71;1.89;1.50;1.60;1.22;1.37;1.23;1.08;0.61
0200E;Cv;0.12;0.15;0.10;0.06;0.08;0.08;0.05;0.06;0.05;0.07;0.08;0.09;0.03
0076;N;29;30;29;30;30;29;30;29;29;28;29;28;24
0076;Min;9.9;12.1;14.2;16.5;17.7;21.5;25.4;26.0;23.0;19.3;14.8;10.2;19.1
0076;Q1;12.6;13.0;15.1;17.3;19.9;23.7;26.7;27.6;24.7;20.8;16.1;13.6;19.7
0076;Q2;13.6;13.6;15.8;18.0;20.7;24.7;27.6;28.1;25.9;22.1;16.9;14.4;20.3
0076;Q3;14.0;14.2;16.6;18.2;21.6;25.1;28.3;28.7;26.3;22.6;17.8;14.6;20.8
0076;Q4;14.6;15.8;17.3;18.9;22.6;25.8;29.2;29.3;26.8;23.1;18.6;15.4;21.0
0076;Max;16.0;17.5;17.7;19.6;23.4;29.7;31.0;32.8;29.3;24.3;20.0;16.0;21.7
0076;Mn;13.8;13.9;16.4;18.1;21.3;24.8;28.2;28.3;26.2;22.3;17.2;14.4;20.5
0076;Md;13.6;14.3;16.2;18.0;21.1;24.9;28.0;28.5;25.9;22.1;17.3;14.4;20.4
0076;S;1.27;1.39;1.10;0.86;1.50;1.49;1.41;1.28;1.29;1.28;1.31;1.21;0.70
0076;Cv;0.09;0.10;0.07;0.05;0.07;0.06;0.05;0.04;0.05;0.06;0.08;0.08;0.03
1082;N;29;30;30;29;30;30;30;30;30;30;29;29;27
1082;Min;9.8;10.3;13.5;14.3;15.9;20.4;22.4;22.2;21.9;16.5;12.8;11.1;18.5
1082;Q1;11.9;12.0;15.2;16.1;19.7;22.4;24.4;24.9;22.7;19.4;15.0;12.9;18.9
1082;Q2;13.0;13.4;16.2;16.9;20.3;22.9;25.1;25.7;24.0;20.7;15.8;13.5;19.2
1082;Q3;14.0;14.8;16.8;18.1;21.4;23.6;25.7;26.6;25.0;22.3;17.4;14.1;19.7
1082;Q4;15.0;16.6;18.4;18.8;22.0;24.4;26.9;27.0;26.1;23.3;18.6;14.6;20.2
1082;Max;16.1;18.7;19.7;20.6;23.8;26.0;28.1;29.9;28.9;25.0;19.5;18.4;21.1
1082;Mn;13.4;13.6;16.4;17.6;21.1;23.3;25.5;26.1;24.5;21.7;16.6;13.9;19.4
1082;Md;13.4;14.3;16.5;17.6;20.8;23.4;25.4;26.0;24.6;21.4;16.6;13.9;19.5
1082;S;1.57;2.17;1.61;1.53;1.71;1.30;1.49;1.47;1.85;2.12;1.90;1.58;0.64
1082;Cv;0.12;0.15;0.10;0.09;0.08;0.06;0.06;0.06;0.08;0.10;0.11;0.11;0.03
2331;N;30;30;30;30;30;30;30;30;29;30;30;30;29
2331;Min;3.4;5.1;7.5;8.8;11.2;17.6;23.8;22.8;19.1;12.4;7.9;5.0;14.6
2331;Q1;5.8;6.9;11.2;12.4;16.4;22.4;26.5;26.2;21.7;15.5;9.4;6.8;15.9
2331;Q2;6.5;7.9;12.3;13.8;18.2;23.0;27.4;27.2;22.7;16.5;10.1;7.3;16.5
2331;Q3;7.5;9.4;13.3;15.3;19.6;23.9;28.1;27.9;23.7;17.6;11.1;7.7;17.0
2331;Q4;8.3;11.2;14.3;16.3;20.6;25.8;28.7;28.9;25.2;19.3;12.6;8.8;17.4
2331;Max;9.3;13.2;18.2;18.1;22.3;29.2;31.6;32.3;27.4;21.1;15.5;9.8;18.1
2331;Mn;7.0;9.1;12.9;15.0;18.7;23.3;27.7;27.5;23.1;17.1;10.6;7.4;16.6
2331;Md;7.0;9.0;12.9;14.4;18.4;23.7;27.6;27.5;23.3;17.2;10.9;7.7;16.7
2331;S;1.42;2.17;2.07;2.04;2.41;2.57;1.71;1.83;1.97;2.16;1.87;1.08;0.84
2331;Cv;0.20;0.24;0.16;0.14;0.13;0.11;0.06;0.07;0.08;0.13;0.17;0.14;0.05
3469A;N;28;28;28;28;28;28;28;28;28;28;28;29;28
3469A;Min;10.1;11.3;13.0;15.1;17.3;24.6;30.3;30.2;24.5;17.2;14.2;11.1;20.3
3469A;Q1;10.9;12.3;16.1;17.1;21.4;27.6;32.1;32.0;26.7;20.4;14.7;11.9;21.5
3469A;Q2;11.9;13.4;17.4;19.2;23.1;30.0;33.5;32.8;29.0;22.1;15.6;12.3;21.8
3469A;Q3;12.2;14.4;18.1;19.9;24.5;30.9;34.3;33.4;29.6;22.4;16.1;12.6;22.0
3469A;Q4;12.9;15.5;18.9;21.0;26.2;31.4;34.8;34.7;30.1;23.3;17.3;13.2;22.4
3469A;Max;14.2;17.1;22.9;23.5;27.6;33.6;36.4;35.6;32.8;26.1;17.9;14.0;23.1
3469A;Mn;12.1;14.1;17.8;19.6;23.7;30.3;33.9;33.2;29.1;22.2;15.8;12.5;21.9
3469A;Md;12.0;14.0;17.7;19.3;23.7;29.9;33.7;33.2;28.8;22.0;15.9;12.5;21.9
3469A;S;1.02;1.55;1.97;1.97;2.47;2.32;1.49;1.42;2.01;2.04;1.16;0.73;0.65
3469A;Cv;0.09;0.11;0.11;0.10;0.10;0.08;0.04;0.04;0.07;0.09;0.07;0.06;0.03
5973;N;27;29;29;29;29;29;27;25;29;28;28;28;20
5973;Min;14.0;14.7;16.2;16.7;18.6;21.5;24.1;25.2;23.0;20.9;18.3;15.1;20.8
5973;Q1;14.9;15.6;17.9;18.8;20.8;24.0;27.0;26.8;25.1;22.3;18.5;16.3;21.3
5973;Q2;15.8;16.4;18.5;19.5;22.1;25.2;27.5;27.5;26.0;23.0;19.1;16.8;21.5
5973;Q3;16.3;17.0;19.0;20.5;22.6;25.8;28.0;28.4;26.5;23.6;19.9;17.1;21.8
5973;Q4;16.5;17.9;19.5;20.9;23.5;26.6;28.7;28.9;27.8;24.4;20.4;17.6;22.0
5973;Max;17.6;19.3;21.8;22.1;24.8;28.0;30.1;29.4;28.7;25.6;22.9;18.1;22.2
5973;Mn;16.1;16.9;18.7;19.7;22.2;25.4;27.7;28.0;26.3;23.2;19.5;16.9;21.7
5973;Md;15.9;16.8;18.8;19.8;22.1;25.3;27.7;27.8;26.3;23.4;19.6;16.9;21.6
5973;S;0.86;1.18;1.18;1.18;1.52;1.52;1.29;1.23;1.46;1.28;1.09;0.80;0.39
5973;Cv;0.05;0.07;0.06;0.06;0.07;0.06;0.05;0.04;0.06;0.05;0.06;0.05;0.02
5960;N;28;30;30;29;29;28;29;29;28;29;30;29;22
5960;Min;14.3;15.2;17.6;18.4;20.6;24.7;29.1;30.4;27.0;21.9;17.5;14.5;23.2
5960;Q1;15.6;16.6;19.6;21.0;23.5;28.4;32.7;32.2;29.1;23.6;19.1;16.4;24.0
5960;Q2;16.0;17.2;20.6;21.6;25.1;29.3;33.5;33.2;30.1;25.4;19.6;17.0;24.1
5960;Q3;16.5;18.0;21.0;22.8;25.7;30.7;34.2;34.0;30.8;25.7;20.5;17.2;24.4
5960;Q4;17.0;19.4;22.0;23.7;27.4;31.5;34.8;34.4;31.6;26.8;21.5;17.5;24.7
5960;Max;18.6;21.1;24.7;25.6;28.7;32.9;35.8;36.6;33.7;29.7;24.3;18.2;25.6
5960;Mn;16.3;17.6;20.7;22.2;25.4;30.5;33.8;33.7;30.5;25.6;20.0;17.1;24.3
5960;Md;16.3;17.8;20.8;22.2;25.5;29.8;33.6;33.4;30.4;25.4;20.2;16.9;24.3
5960;S;0.99;1.49;1.56;1.72;1.98;2.03;1.51;1.40;1.53;1.95;1.45;0.87;0.55
5960;Cv;0.06;0.08;0.07;0.08;0.08;0.07;0.05;0.04;0.05;0.08;0.07;0.05;0.02
5910;N;20;22;21;21;22;21;22;22;23;22;23;21;16
5910;Min;14.6;15.2;18.0;18.7;21.8;22.9;28.3;27.6;24.6;21.2;18.1;15.3;22.5
5910;Q1;15.5;16.1;18.9;20.1;22.6;26.1;30.0;29.4;26.4;22.9;18.8;16.3;22.6
5910;Q2;15.9;17.1;19.4;20.7;23.8;27.6;30.4;29.8;27.3;23.8;19.4;16.6;22.9
5910;Q3;16.2;17.6;20.0;21.7;24.4;28.2;30.7;30.9;28.2;24.7;20.1;16.8;23.0
5910;Q4;16.5;18.9;20.7;22.5;25.6;29.1;31.5;31.6;29.0;25.6;20.7;17.3;23.4
5910;Max;17.6;19.7;22.6;24.0;27.1;30.9;32.2;32.8;30.1;26.9;21.6;17.8;23.5
5910;Mn;16.1;17.5;19.6;21.2;24.1;27.9;30.5;30.6;27.9;24.2;20.0;16.6;23.0
5910;Md;16.0;17.4;19.8;21.2;24.1;27.7;30.5;30.4;27.7;24.2;19.7;16.7;23.0
5910;S;0.71;1.31;1.06;1.36;1.41;1.91;0.99;1.40;1.41;1.51;0.97;0.59;0.33
5910;Cv;0.04;0.08;0.05;0.06;0.06;0.07;0.03;0.05;0.05;0.06;0.05;0.04;0.01
6001;N;18;21;20;19;21;21;25;22;23;21;18;21;8
6001;Min;14.2;14.0;15.1;15.5;17.7;19.6;22.0;22.7;20.7;18.8;16.9;14.8;
6001;Q1;14.4;14.2;15.7;16.8;18.4;20.7;22.5;23.2;21.6;19.2;17.3;15.1;
6001;Q2;14.8;14.6;15.9;17.1;18.7;21.0;22.9;23.7;22.6;20.1;17.8;15.7;
6001;Q3;15.4;15.0;16.4;17.4;19.2;21.6;23.5;24.2;23.6;20.5;18.1;16.3;
6001;Q4;15.6;15.7;17.0;17.9;19.9;23.1;25.1;25.7;24.1;21.4;19.0;17.3;
6001;Max;16.6;16.3;18.4;19.0;21.6;24.9;27.0;28.1;25.3;22.2;20.0;17.8;
6001;Mn;15.2;14.8;16.2;17.3;19.1;21.4;23.2;23.9;23.4;20.3;18.0;15.8;
6001;Md;15.1;15.0;16.3;17.3;19.1;21.7;23.8;24.3;22.9;20.4;18.1;16.1;
6001;S;0.69;0.73;0.77;0.80;1.03;1.47;1.45;1.38;1.31;1.05;0.90;0.96;
6001;Cv;0.05;0.05;0.05;0.05;0.05;0.07;0.06;0.06;0.06;0.05;0.05;0.06;
1111;N;13;13;13;13;14;14;14;14;14;14;14;14;13
1111;Min;;;;;;;;;;;;;
1111;Q1;;;;;;;;;;;;;
1111;Q2;;;;;;;;;;;;;
1111;Q3;;;;;;;;;;;;;
1111;Q4;;;;;;;;;;;;;
1111;Max;;;;;;;;;;;;;
1111;Mn;;;;;;;;;;;;;
1111;Md;;;;;;;;;;;;;
1111;S;;;;;;;;;;;;;
1111;Cv;;;;;;;;;;;;;
1109;N;30;30;30;30;30;30;30;30;30;30;29;29;29
1109;Min;10.3;10.4;13.1;12.9;15.1;19.2;21.5;22.0;20.9;16.3;13.8;11.3;17.4
1109;Q1;12.0;12.2;14.4;15.6;18.2;20.5;22.6;23.2;21.7;18.7;14.7;13.0;18.1
1109;Q2;13.0;12.9;14.9;16.2;18.8;21.3;23.1;23.9;22.4;19.8;15.6;13.8;18.3
1109;Q3;14.1;14.3;15.9;17.0;19.5;22.0;23.5;24.5;23.2;20.8;16.8;14.4;18.5
1109;Q4;15.1;16.0;17.2;17.4;20.2;22.5;24.3;24.8;23.9;21.4;17.7;15.3;18.8
1109;Max;16.8;18.4;18.6;19.0;21.2;23.1;25.9;27.1;24.8;23.8;18.6;18.1;19.6
1109;Mn;13.5;13.6;15.6;16.6;19.1;21.6;23.3;24.3;22.7;20.3;16.2;14.0;18.4
1109;Md;13.5;13.8;15.6;16.5;19.1;21.5;23.5;24.2;22.8;20.3;16.2;14.2;18.4
1109;S;1.50;1.90;1.46;1.24;1.38;0.99;1.04;1.00;1.11;1.71;1.44;1.54;0.53
1109;Cv;0.11;0.14;0.09;0.07;0.07;0.05;0.04;0.04;0.05;0.08;0.09;0.11;0.03
8500A;N;30;30;30;30;30;30;30;30;30;30;30;30;30
8500A;Min;12.5;14.1;16.1;18.3;20.5;23.9;27.7;28.5;25.2;21.4;16.9;13.9;21.3
8500A;Q1;13.8;14.9;17.6;19.5;22.3;26.0;29.4;29.5;27.0;22.5;17.7;15.0;21.8
8500A;Q2;15.0;15.7;18.0;20.3;23.3;26.9;29.8;30.1;27.4;23.0;18.5;15.7;22.0
8500A;Q3;15.8;16.4;18.7;20.7;23.9;27.6;30.2;30.4;27.7;23.8;19.0;16.1;22.6
8500A;Q4;16.6;17.5;19.6;21.6;24.5;28.2;30.9;31.1;28.3;24.5;20.0;16.7;22.8
8500A;Max;18.2;19.3;22.9;22.3;25.7;31.5;31.9;33.4;29.5;25.8;21.1;18.5;23.0
8500A;Mn;15.6;16.0;18.4;20.5;23.5;27.3;30.0;30.3;27.5;23.3;18.7;15.8;22.2
8500A;Md;15.3;16.2;18.5;20.5;23.4;27.3;30.0;30.3;27.6;23.5;18.8;15.8;22.3
8500A;S;1.42;1.50;1.36;1.11;1.30;1.43;0.89;1.03;0.85;1.12;1.12;0.98;0.50
8500A;Cv;0.09;0.09;0.07;0.05;0.06;0.05;0.03;0.03;0.03;0.05;0.06;0.06;0.02
5000C;N;2;3;2;2;2;3;4;3;3;2;4;5;0
5000C;Min;;;;;;;;;;;;;
5000C;Q1;;;;;;;;;;;;;
5000C;Q2;;;;;;;;;;;;;
5000C;Q3;;;;;;;;;;;;;
5000C;Q4;;;;;;;;;;;;;
5000C;Max;;;;;;;;;;;;;
5000C;Mn;;;;;;;;;;;;;
5000C;Md;;;;;;;;;;;;;
5000C;S;;;;;;;;;;;;;
5000C;Cv;;;;;;;;;;;;;
4121;N;30;30;30;30;30;30;30;30;30;29;30;30;29
4121;Min;8.1;10.8;13.1;14.5;17.2;23.9;31.8;30.3;24.5;16.8;12.8;9.9;20.3
4121;Q1;9.7;12.0;16.4;18.0;21.9;28.8;33.2;32.6;27.2;19.7;13.9;10.6;21.2
4121;Q2;10.9;13.1;17.5;19.2;23.7;30.5;34.1;33.6;28.1;21.1;14.5;10.9;21.7
4121;Q3;11.4;14.1;18.4;20.4;25.1;31.4;35.0;34.2;28.9;22.0;15.4;11.3;22.1
4121;Q4;11.9;15.0;19.1;21.6;26.5;32.3;35.5;34.7;29.9;23.7;16.3;12.3;22.3
4121;Max;12.9;17.9;22.7;22.6;27.9;33.9;37.0;35.5;31.9;25.1;18.9;13.5;23.0
4121;Mn;11.1;13.9;17.8;20.1;24.3;31.0;34.7;34.0;28.5;21.5;14.8;11.2;21.9
4121;Md;10.9;13.7;17.9;19.7;24.1;30.5;34.5;33.7;28.4;21.5;15.1;11.4;21.8
4121;S;1.26;1.90;1.91;2.00;2.50;2.28;1.28;1.23;1.74;2.17;1.44;0.89;0.64
4121;Cv;0.12;0.14;0.11;0.10;0.10;0.07;0.04;0.04;0.06;0.10;0.10;0.08;0.03
5402;N;25;25;26;26;26;26;25;26;26;26;24;24;21
5402;Min;13.8;13.9;18.7;18.2;24.0;26.6;33.9;34.2;28.1;20.9;16.3;13.7;24.2
5402;Q1;14.0;15.5;19.7;21.1;25.3;31.4;36.2;35.0;30.2;23.4;17.9;14.9;24.5
5402;Q2;14.5;17.2;21.2;22.4;27.0;32.6;36.6;36.5;31.2;24.8;18.5;15.3;25.1
5402;Q3;15.1;17.6;21.7;23.7;27.9;33.9;37.2;37.0;32.1;25.5;19.3;15.8;25.3
5402;Q4;16.0;18.9;22.4;24.7;29.7;34.9;38.0;37.6;32.9;26.7;20.5;16.1;25.6
5402;Max;16.9;21.6;25.8;26.0;31.2;35.7;39.5;38.3;34.2;29.1;23.6;16.9;26.3
5402;Mn;14.7;17.4;21.5;22.6;27.5;33.3;36.9;36.8;31.8;25.4;18.8;15.4;25.1
5402;Md;14.9;17.4;21.3;22.8;27.4;32.8;36.9;36.5;31.6;25.1;19.0;15.4;25.1
5402;S;0.90;1.82;1.70;1.98;1.94;2.27;1.33;1.25;1.52;2.09;1.55;0.74;0.55
5402;Cv;0.06;0.10;0.08;0.09;0.07;0.07;0.04;0.03;0.05;0.08;0.08;0.05;0.02
8096;N;30;30;30;30;29;30;30;30;30;30;30;30;29
8096;Min;6.1;7.1;10.0;11.5;13.8;20.3;28.5;27.3;22.4;13.8;10.7;8.2;17.7
8096;Q1;8.3;9.4;13.2;15.1;18.9;25.9;30.3;29.7;24.1;17.2;11.9;9.4;18.6
8096;Q2;8.9;10.7;14.7;16.3;19.7;27.1;31.1;30.6;25.5;18.8;12.4;9.8;19.2
8096;Q3;9.8;11.6;15.3;17.7;21.6;28.4;31.7;31.2;26.2;19.9;13.5;10.3;19.5
8096;Q4;11.5;13.7;16.4;18.3;23.1;28.8;32.2;31.8;26.7;21.2;14.9;11.0;19.7
8096;Max;13.5;16.1;20.1;19.8;25.3;30.6;34.1;33.3;29.3;23.0;17.4;11.6;20.9
8096;Mn;9.5;11.3;15.2;17.1;21.1;27.8;31.6;30.9;25.7;19.6;12.6;10.2;19.3
8096;Md;9.7;11.5;15.1;16.6;20.8;27.3;31.4;30.7;25.6;19.2;13.3;10.1;19.2
8096;S;1.72;2.28;2.07;2.10;2.43;2.34;1.28;1.35;1.73;2.22;1.70;0.84;0.67
8096;Cv;0.18;0.20;0.14;0.13;0.12;0.09;0.04;0.04;0.07;0.12;0.13;0.08;0.04
1014;N;30;30;30;29;30;30;30;30;30;30;30;30;29
1014;Min;8.8;10.1;13.5;13.3;17.3;20.1;23.1;23.2;21.7;16.8;13.3;9.6;18.0
1014;Q1;11.1;11.9;14.7;16.0;19.5;21.8;24.1;24.7;22.7;19.4;14.3;12.2;18.6
1014;Q2;12.6;12.4;15.2;17.5;20.5;22.8;24.8;25.2;23.5;20.5;15.4;13.1;18.9
1014;Q3;13.7;14.3;16.5;17.9;21.2;23.3;25.5;25.8;24.5;21.6;17.1;13.9;19.4
1014;Q4;14.8;16.4;17.6;18.4;21.9;24.3;26.1;26.9;25.4;22.4;17.8;14.8;19.7
1014;Max;16.6;18.4;19.8;20.0;23.1;26.3;27.1;29.7;26.2;25.4;19.2;17.9;20.5
1014;Mn;13.2;13.6;15.7;17.8;21.0;23.1;25.1;25.4;23.9;21.0;16.3;13.6;19.0
1014;Md;13.1;13.8;16.1;17.4;20.7;23.1;25.1;25.7;24.0;21.0;16.2;13.5;19.1
1014;S;1.85;2.22;1.68;1.47;1.47;1.29;1.02;1.29;1.38;1.95;1.82;1.83;0.64
1014;Cv;0.14;0.16;0.10;0.08;0.07;0.06;0.04;0.05;0.06;0.09;0.11;0.13;0.03
1024E;N;30;30;30;30;30;30;30;30;30;30;30;30;30
1024E;Min;7.0;7.8;10.4;10.2;13.4;17.2;19.8;19.9;18.9;14.4;11.0;8.1;15.4
1024E;Q1;9.2;9.5;12.0;13.2;16.4;18.8;20.6;21.4;19.7;17.0;12.1;10.6;15.9
1024E;Q2;10.5;10.4;12.5;14.2;17.5;19.3;21.8;22.1;20.5;17.9;13.3;11.3;16.4
1024E;Q3;11.6;11.8;13.7;15.0;18.2;20.3;22.1;22.6;21.7;19.1;14.7;11.9;16.5
1024E;Q4;12.6;13.9;15.2;15.7;19.1;21.3;22.7;23.6;22.6;20.0;15.7;12.6;16.9
1024E;Max;14.0;16.3;17.2;17.1;20.2;23.5;24.6;26.1;24.1;22.6;17.1;15.9;17.6
1024E;Mn;11.0;11.0;13.1;14.8;17.7;19.9;22.0;22.5;21.0;18.4;13.9;11.5;16.4
1024E;Md;11.0;11.5;13.4;14.5;17.7;20.0;21.8;22.5;21.1;18.5;14.0;11.6;16.5
1024E;S;1.71;2.24;1.73;1.49;1.64;1.40;1.11;1.24;1.45;1.89;1.84;1.66;0.58
1024E;Cv;0.15;0.19;0.13;0.10;0.09;0.07;0.05;0.06;0.07;0.10;0.13;0.14;0.04
0367;N;28;29;29;28;29;27;26;29;29;28;29;29;24
0367;Min;8.9;10.5;14.0;15.3;18.2;22.2;26.8;26.7;23.3;18.1;14.0;11.1;19.2
0367;Q1;12.1;12.1;15.2;17.5;20.5;24.9;28.2;28.5;24.7;20.4;15.4;12.7;20.0
0367;Q2;13.2;13.6;16.2;18.6;22.1;26.0;29.7;29.4;26.0;21.2;16.0;13.3;20.2
0367;Q3;13.7;14.3;17.2;19.0;23.2;26.6;30.2;29.8;26.5;22.0;16.9;13.9;20.9
0367;Q4;14.2;16.2;18.1;19.7;24.0;27.9;30.8;31.1;27.3;22.8;17.8;14.5;21.2
0367;Max;15.8;17.2;20.5;21.2;25.4;30.4;32.9;35.5;28.9;24.4;19.6;15.2;22.2
0367;Mn;13.6;14.1;16.8;18.8;22.4;26.3;29.8;29.7;26.2;21.5;16.6;13.6;20.6
0367;Md;13.2;14.1;16.7;18.7;22.4;26.3;29.7;29.8;26.1;21.5;16.6;13.6;20.6
0367;S;1.43;1.92;1.73;1.38;1.88;1.81;1.46;1.74;1.42;1.50;1.41;1.04;0.73
0367;Cv;0.11;0.14;0.10;0.07;0.08;0.07;0.05;0.06;0.05;0.07;0.09;0.08;0.04
5530E;N;30;29;30;30;30;30;30;30;29;30;30;30;28
5530E;Min;9.9;12.3;15.1;16.2;18.6;24.8;32.2;31.0;26.0;19.1;13.9;11.3;21.6
5530E;Q1;11.6;13.8;17.3;18.6;23.1;29.9;33.9;32.8;27.7;21.2;15.7;12.7;22.4
5530E;Q2;12.8;14.5;18.7;20.0;24.3;30.9;34.8;34.3;28.6;22.8;16.3;13.1;22.9
5530E;Q3;13.6;15.6;19.7;20.9;25.7;31.9;35.3;34.7;29.9;23.7;17.3;13.7;23.2
5530E;Q4;14.4;17.2;20.3;22.5;27.0;32.5;35.7;35.0;30.7;25.1;18.1;14.5;23.6
5530E;Max;15.1;20.4;22.9;23.9;28.7;33.8;37.9;36.5;32.3;26.4;20.9;15.0;24.3
5530E;Mn;13.3;15.2;19.1;20.6;24.9;31.7;35.1;34.4;29.1;23.4;17.0;13.5;23.2
5530E;Md;13.0;15.4;19.0;20.6;25.0;31.0;34.8;34.2;29.3;23.2;17.0;13.4;23.0
5530E;S;1.38;2.19;1.80;1.91;2.28;2.04;1.23;1.24;1.51;1.95;1.56;0.96;0.66
5530E;Cv;0.11;0.14;0.10;0.09;0.09;0.07;0.04;0.04;0.05;0.08;0.09;0.07;0.03
5514;N;29;29;29;30;30;29;30;30;30;30;29;28;26
5514;Min;10.2;11.3;13.7;15.2;17.2;23.4;31.3;30.1;24.9;18.4;14.3;10.9;20.6
5514;Q1;11.3;12.8;16.8;17.7;21.9;28.9;32.8;31.9;27.4;21.1;15.3;12.6;21.6
5514;Q2;12.1;13.5;17.8;18.7;23.4;29.9;34.1;33.6;28.3;22.0;15.7;12.8;22.3
5514;Q3;13.0;14.9;18.5;20.4;24.4;31.1;34.7;34.2;29.1;23.3;16.8;13.2;22.6
5514;Q4;14.2;16.3;19.3;21.9;26.9;32.2;35.4;34.6;30.2;24.3;17.7;14.0;22.8
5514;Max;14.6;19.3;22.0;22.3;27.9;33.6;37.3;35.9;31.6;26.0;19.7;14.6;23.3
5514;Mn;12.7;14.4;18.3;19.2;23.9;30.4;34.3;33.9;28.7;22.6;16.4;13.0;22.4
5514;Md;12.6;14.6;18.0;19.5;24.0;30.1;34.2;33.6;28.7;22.5;16.5;13.1;22.3
5514;S;1.33;2.11;1.73;1.95;2.44;2.29;1.34;1.36;1.62;1.98;1.46;0.91;0.67
5514;Cv;0.11;0.14;0.10;0.10;0.10;0.08;0.04;0.04;0.06;0.09;0.09;0.07;0.03
3013;N;29;30;29;29;30;29;29;30;30;29;29;29;28
3013;Min;5.2;6.2;9.4;10.4;12.1;19.6;26.8;25.5;20.7;12.6;8.4;7.3;16.4
3013;Q1;7.1;8.4;12.9;13.9;18.0;24.3;28.6;27.9;22.9;16.3;10.1;7.7;17.6
3013;Q2;8.2;9.6;14.0;14.9;19.2;25.6;29.5;29.0;23.6;17.0;11.3;8.5;17.8
3013;Q3;9.1;11.0;14.8;16.5;20.8;26.2;30.1;29.8;24.6;18.5;11.9;8.9;18.2
3013;Q4;9.9;12.9;15.9;17.5;22.1;27.5;30.8;30.1;25.8;20.3;13.6;9.8;18.7
3013;Max;12.0;15.8;19.9;19.8;24.3;29.3;32.9;32.2;27.7;21.4;17.1;10.3;19.2
3013;Mn;8.6;10.5;14.3;16.1;20.0;25.7;29.9;29.6;24.1;18.0;11.6;8.7;18.1
3013;Md;8.6;10.6;14.4;15.6;20.0;25.6;29.7;29.2;24.2;17.8;11.9;8.7;18.0
3013;S;1.66;2.51;2.11;2.12;2.54;2.27;1.34;1.59;1.73;2.21;1.99;0.94;0.64
3013;Cv;0.19;0.24;0.15;0.14;0.13;0.09;0.05;0.05;0.07;0.12;0.17;0.11;0.04
4642E;N;26;26;25;25;25;26;27;27;27;27;26;27;22
4642E;Min;14.8;15.4;18.8;18.2;21.9;24.9;29.9;30.1;26.7;21.5;18.7;15.4;23.3
4642E;Q1;15.4;16.4;19.2;21.1;23.6;27.4;31.8;31.2;28.0;23.8;18.9;16.5;23.7
4642E;Q2;16.0;17.4;19.9;21.9;24.7;28.2;32.7;32.1;29.2;24.8;19.7;16.8;23.9
4642E;Q3;16.4;17.9;21.1;22.5;25.4;29.6;33.1;32.7;29.8;25.2;20.4;17.1;24.2
4642E;Q4;16.8;19.2;21.9;23.6;26.8;30.5;33.9;33.7;30.5;25.9;21.3;17.4;24.2
4642E;Max;18.4;21.1;24.6;24.5;28.1;31.9;34.5;34.6;31.8;28.3;21.9;17.8;24.7
4642E;Mn;16.1;17.7;20.5;22.2;25.0;29.2;32.8;32.6;29.6;24.9;19.9;16.9;24.0
4642E;Md;16.2;17.8;20.7;22.1;25.1;28.9;32.7;32.4;29.4;24.9;20.1;16.9;24.0
4642E;S;0.80;1.46;1.51;1.60;1.71;1.85;1.16;1.18;1.39;1.59;1.01;0.57;0.31
4642E;Cv;0.05;0.08;0.07;0.07;0.07;0.06;0.04;0.04;0.05;0.06;0.05;0.03;0.01
9898;N;29;29;29;28;26;28;28;27;28;28;29;29;22
9898;Min;4.8;9.5;12.0;14.1;16.2;22.7;27.7;28.2;22.9;15.5;11.6;6.3;18.3
9898;Q1;7.4;10.1;14.7;16.5;21.0;26.8;30.2;29.4;24.7;18.3;12.4;8.7;19.1
9898;Q2;8.9;10.7;15.4;17.7;21.7;27.8;31.2;30.8;25.3;19.6;13.0;9.0;19.5
9898;Q3;9.9;12.0;15.9;18.8;22.7;28.8;32.3;31.2;26.4;20.7;13.6;9.5;19.8
9898;Q4;10.6;13.2;16.9;19.3;24.0;29.7;33.0;32.2;27.2;21.5;14.3;10.1;20.1
9898;Max;12.0;15.7;19.1;20.8;25.4;32.5;34.7;34.3;29.9;23.1;15.8;11.3;20.7
9898;Mn;9.3;11.2;15.7;18.4;21.9;28.2;31.8;31.1;25.5;19.9;13.1;9.1;19.6
9898;Md;9.0;11.6;15.7;17.9;22.1;28.1;31.6;31.0;25.9;19.9;13.4;9.2;19.6
9898;S;1.84;1.64;1.60;1.64;1.95;2.17;1.55;1.52;1.68;1.88;1.11;1.20;0.64
9898;Cv;0.20;0.14;0.10;0.09;0.09;0.08;0.05;0.05;0.06;0.09;0.08;0.13;0.03
5270B;N;21;22;22;24;23;19;23;25;25;23;24;23;15
5270B;Min;10.1;10.9;14.9;16.0;16.6;22.5;30.3;29.4;23.2;18.0;13.3;11.2;20.4
5270B;Q1;11.0;11.9;15.6;16.8;20.9;27.7;32.7;32.0;26.0;20.4;14.0;11.9;21.2
5270B;Q2;12.1;13.5;16.9;18.0;22.8;29.8;33.3;32.6;27.1;21.1;15.1;12.8;21.4
5270B;Q3;12.6;14.3;17.8;20.0;24.0;30.1;34.1;33.4;28.3;21.8;15.9;13.2;21.6
5270B;Q4;13.1;16.2;18.4;20.9;25.6;31.2;35.2;34.2;29.2;23.7;17.3;13.4;22.2
5270B;Max;14.0;17.9;21.6;21.6;27.0;32.3;36.0;35.6;33.6;27.1;18.2;14.3;22.5
5270B;Mn;12.2;14.0;17.5;19.4;23.0;29.9;33.6;33.1;28.0;21.3;15.5;13.1;21.5
5270B;Md;12.2;14.0;17.4;19.0;23.2;29.4;33.7;32.9;27.7;21.9;15.7;12.8;21.6
5270B;S;0.98;2.08;1.63;1.74;2.47;2.39;1.36;1.49;2.18;2.16;1.56;0.81;0.55
5270B;Cv;0.08;0.15;0.09;0.09;0.11;0.08;0.04;0.05;0.08;0.10;0.10;0.06;0.03
9170;N;30;30;30;30;30;30;30;30;30;30;30;30;30
9170;Min;6.4;8.7;12.1;12.6;15.2;21.6;26.4;26.2;23.0;15.7;10.8;7.1;17.9
9170;Q1;8.4;9.9;14.6;16.4;20.3;25.4;28.5;28.2;24.6;18.3;12.3;9.2;18.9
9170;Q2;9.9;10.7;15.4;17.5;21.5;26.7;29.7;29.5;25.3;19.5;13.4;9.9;19.2
9170;Q3;10.2;12.7;16.4;18.3;23.1;27.3;30.6;30.2;26.2;20.6;14.3;10.4;19.7
9170;Q4;11.4;14.3;17.7;19.4;24.2;28.9;31.6;31.2;26.8;21.8;15.1;11.2;20.3
9170;Max;13.1;16.6;20.2;20.4;25.1;31.4;33.4;34.3;29.4;23.5;17.0;12.6;20.6
9170;Mn;10.0;11.6;15.8;18.3;22.3;26.9;30.0;29.9;25.6;20.2;13.7;10.1;19.4
9170;Md;9.9;12.0;15.9;17.8;22.0;26.9;30.1;29.8;25.8;20.1;13.8;10.2;19.5
9170;S;1.65;2.13;1.85;1.76;2.27;2.18;1.73;1.91;1.56;1.95;1.51;1.19;0.69
9170;Cv;0.17;0.18;0.12;0.10;0.10;0.08;0.06;0.06;0.06;0.10;0.11;0.12;0.04
C249I;N;29;29;29;28;29;30;30;29;29;30;29;30;26
C249I;Min;18.5;19.2;20.3;21.6;21.9;24.0;25.1;25.7;25.9;24.3;22.1;19.8;23.3
C249I;Q1;19.6;20.2;21.2;22.2;23.5;24.9;26.4;26.5;26.4;25.0;23.2;20.9;23.6
C249I;Q2;20.3;20.5;21.7;22.5;23.8;25.4;26.9;27.3;26.9;25.6;23.7;21.8;24.0
C249I;Q3;20.9;20.9;22.5;22.9;24.0;26.0;27.5;27.9;27.7;26.4;24.4;22.1;24.2
C249I;Q4;21.1;21.6;23.4;23.3;24.8;26.8;28.0;28.6;28.7;27.3;24.9;22.7;25.1
C249I;Max;22.9;24.0;24.7;25.3;26.7;28.6;29.9;30.9;30.1;28.4;25.1;24.6;26.1
C249I;Mn;20.7;20.7;22.0;22.7;23.9;25.8;27.0;27.5;27.2;25.9;24.1;22.0;24.1
C249I;Md;20.6;21.0;22.2;22.8;24.1;25.8;27.3;27.7;27.5;26.1;23.9;22.0;24.2
C249I;S;0.98;1.15;1.12;0.82;0.93;1.08;1.07;1.31;1.15;1.08;0.91;1.04;0.72
C249I;Cv;0.05;0.05;0.05;0.04;0.04;0.04;0.04;0.05;0.04;0.04;0.04;0.05;0.03
C649I;N;30;29;29;29;30;28;29;29;28;30;28;29;21
C649I;Min;19.3;19.1;20.4;21.0;22.2;23.8;25.3;26.0;25.4;24.8;21.9;20.1;23.3
C649I;Q1;20.0;20.5;21.5;21.7;22.7;24.8;26.3;26.6;26.3;25.2;23.5;21.4;23.7
C649I;Q2;20.4;20.7;21.8;22.5;23.3;25.1;26.6;27.3;27.0;25.8;24.1;22.0;24.1
C649I;Q3;21.0;21.3;22.1;22.9;23.9;25.4;27.0;27.6;27.4;26.4;24.6;22.6;24.4
C649I;Q4;21.5;22.2;23.2;23.5;24.2;26.0;27.7;28.3;27.8;27.0;25.0;23.2;24.9
C649I;Max;23.0;24.2;25.1;25.0;25.1;26.6;28.4;30.6;30.0;28.1;26.3;24.2;25.4
C649I;Mn;20.7;21.0;21.9;22.6;23.6;25.2;26.8;27.4;27.3;26.2;24.5;22.2;24.3
C649I;Md;20.8;21.3;22.3;22.6;23.6;25.3;26.9;27.5;27.2;26.2;24.3;22.3;24.3
C649I;S;0.94;1.20;1.15;0.97;0.77;0.68;0.80;1.03;0.97;0.90;1.06;1.05;0.60
C649I;Cv;0.05;0.06;0.05;0.04;0.03;0.03;0.03;0.04;0.04;0.03;0.04;0.05;0.02
C029O;N;29;30;30;30;30;29;29;29;29;30;30;30;26
C029O;Min;19.3;19.3;21.1;21.8;23.4;24.7;26.2;27.4;26.7;24.9;21.9;20.1;23.6
C029O;Q1;19.8;20.3;21.7;22.5;23.8;25.6;27.1;28.1;27.5;25.9;23.6;20.9;24.2
C029O;Q2;20.4;20.8;22.5;23.1;24.2;26.0;27.8;28.6;28.1;26.2;23.9;21.5;24.7
C029O;Q3;20.8;21.5;23.2;23.6;24.8;26.5;28.2;29.3;28.7;27.2;24.5;22.0;24.8
C029O;Q4;21.5;22.6;23.8;24.2;25.4;27.1;29.1;30.0;29.8;27.5;25.0;22.4;25.3
C029O;Max;22.2;23.8;25.4;26.9;26.5;27.6;31.3;31.1;31.4;29.0;26.0;23.6;25.8
C029O;Mn;20.7;21.1;22.9;23.3;24.7;26.2;27.9;29.1;28.5;26.7;24.2;21.9;24.8
C029O;Md;20.7;21.3;22.9;23.5;24.6;26.3;28.1;29.1;28.5;26.7;24.2;21.8;24.7
C029O;S;0.82;1.15;1.06;1.11;0.84;0.82;1.17;1.03;1.12;0.97;0.86;0.87;0.56
C029O;Cv;0.04;0.05;0.05;0.05;0.03;0.03;0.04;0.04;0.04;0.04;0.04;0.04;0.02
2661;N;30;30;30;30;30;30;30;30;30;30;30;30;30
2661;Min;4.7;6.4;9.6;10.7;13.1;18.6;24.7;23.8;17.8;12.0;9.1;6.1;15.1
2661;Q1;5.8;7.4;11.7;12.9;16.9;22.7;26.0;25.5;21.5;15.2;9.9;7.1;16.4
2661;Q2;6.7;9.0;12.8;14.7;17.9;24.0;27.0;26.5;22.5;16.2;10.3;7.6;16.5
2661;Q3;7.5;9.9;13.4;15.5;19.6;24.7;27.4;27.2;23.5;17.0;11.6;8.1;16.9
2661;Q4;8.3;11.2;14.9;16.3;20.7;26.0;29.2;28.5;24.3;18.8;12.3;8.6;17.1
2661;Max;9.4;12.6;19.2;19.2;21.5;27.5;30.3;29.5;27.9;20.2;15.9;10.6;17.6
2661;Mn;7.1;9.7;13.0;15.0;18.9;24.3;27.1;27.0;23.1;16.7;10.8;7.9;16.7
2661;Md;7.1;9.5;13.3;14.8;18.6;24.0;27.4;26.9;22.9;16.7;11.2;8.0;16.7
2661;S;1.25;1.77;2.01;2.18;2.18;2.17;1.50;1.54;2.10;1.98;1.51;1.02;0.52
2661;Cv;0.18;0.19;0.15;0.15;0.12;0.09;0.05;0.06;0.09;0.12;0.14;0.13;0.03
1549;N;30;30;30;29;29;29;29;30;30;30;30;30;28
1549;Min;5.8;8.0;12.3;12.6;15.4;21.2;26.6;25.7;19.8;14.5;10.6;5.2;17.5
1549;Q1;7.3;10.2;14.3;15.4;18.9;24.7;28.2;27.6;23.1;16.6;11.2;7.5;18.2
1549;Q2;8.2;11.5;15.3;17.6;21.3;25.9;28.7;28.4;24.8;17.7;12.2;8.6;18.6
1549;Q3;9.1;12.3;16.1;18.2;22.4;27.0;29.3;29.4;26.0;19.1;13.0;9.1;19.0
1549;Q4;10.1;13.6;17.4;20.4;23.6;28.2;30.8;30.7;26.7;20.7;13.5;10.1;19.5
1549;Max;12.3;15.5;21.8;22.2;24.6;30.0;32.3;32.0;28.3;22.1;15.2;12.6;20.4
1549;Mn;8.8;11.9;15.7;17.9;21.5;26.4;29.1;28.8;25.4;18.6;12.5;8.9;18.8
1549;Md;8.7;11.9;15.9;17.7;21.3;26.4;29.3;29.0;24.9;18.5;12.5;8.8;18.8
1549;S;1.51;1.84;2.10;2.62;2.36;2.10;1.46;1.76;2.10;2.07;1.26;1.50;0.74
1549;Cv;0.17;0.15;0.13;0.15;0.11;0.08;0.05;0.06;0.08;0.11;0.10;0.17;0.04
9771C;N;27;28;28;28;28;28;28;27;27;28;27;28;24
9771C;Min;4.8;9.6;14.6;17.3;19.6;24.1;30.3;30.3;25.3;18.0;12.0;3.5;20.0
9771C;Q1;7.8;12.1;17.1;19.4;23.6;28.6;31.8;31.0;26.4;20.5;14.1;8.7;21.2
9771C;Q2;9.3;12.9;18.0;20.6;24.6;29.7;32.3;31.9;27.3;21.5;14.3;9.7;21.4
9771C;Q3;10.9;14.1;18.4;21.3;25.7;30.3;33.8;32.6;28.0;22.4;14.9;10.4;21.7
9771C;Q4;12.5;15.6;19.8;21.9;26.7;31.4;34.3;33.4;29.3;23.7;16.8;11.3;21.9
9771C;Max;13.2;18.2;21.0;22.6;27.8;34.2;35.5;35.6;31.4;25.1;17.8;13.1;22.3
9771C;Mn;10.4;13.8;18.2;20.8;25.2;30.0;32.7;32.3;27.7;21.9;14.5;10.1;21.6
9771C;Md;10.0;13.8;18.3;20.7;25.0;29.8;33.0;32.3;27.8;22.0;15.0;9.8;21.5
9771C;S;2.40;2.05;1.57;1.34;1.76;1.91;1.33;1.34;1.56;1.78;1.52;2.04;0.58
9771C;Cv;0.24;0.15;0.09;0.06;0.07;0.06;0.04;0.04;0.06;0.08;0.10;0.21;0.03
1505;N;24;23;23;24;25;24;25;26;26;26;25;25;20
1505;Min;9.4;9.3;12.6;10.9;16.4;18.5;22.4;22.4;18.8;14.1;11.4;9.0;16.5
1505;Q1;9.7;10.4;13.7;13.6;18.0;20.9;23.1;24.1;21.2;16.0;12.0;9.8;16.9
1505;Q2;10.2;11.6;14.3;15.0;18.9;22.0;23.9;24.8;22.8;18.1;12.7;10.8;17.3
1505;Q3;10.8;12.7;15.3;16.2;19.6;22.5;24.5;25.3;23.6;19.4;13.5;11.2;17.7
1505;Q4;11.4;14.2;17.1;17.4;20.6;24.3;25.3;26.0;24.4;20.4;14.7;11.9;18.3
1505;Max;12.5;16.3;21.1;20.3;22.9;25.6;29.5;29.1;27.2;21.1;15.8;13.7;18.8
1505;Mn;10.5;12.5;14.9;15.4;19.0;22.1;24.1;25.1;23.2;18.8;13.0;11.0;17.7
1505;Md;10.6;12.3;15.2;15.7;19.3;22.4;24.4;25.2;23.0;18.3;13.3;11.0;17.6
1505;S;0.93;1.97;1.96;2.19;1.56;1.79;1.64;1.41;1.99;2.12;1.23;1.10;0.69
1505;Cv;0.09;0.16;0.13;0.14;0.08;0.08;0.07;0.06;0.09;0.12;0.09;0.10;0.04
3191E;N;27;28;28;27;28;28;27;29;28;28;28;23;18
3191E;Min;5.6;6.3;9.5;10.3;12.9;20.8;27.2;26.7;21.0;12.5;9.9;7.0;16.7
3191E;Q1;6.9;7.9;11.7;13.7;17.6;24.2;28.8;28.0;22.6;16.6;10.3;7.7;17.4
3191E;Q2;7.6;9.5;13.2;15.2;19.2;26.0;29.8;29.2;23.7;17.5;11.2;8.5;17.7
3191E;Q3;8.3;10.7;14.5;16.2;20.5;27.1;30.6;30.0;24.8;18.1;12.2;8.6;17.9
3191E;Q4;9.5;11.1;15.7;16.8;22.2;27.6;31.1;30.7;25.7;19.7;12.9;9.3;18.4
3191E;Max;11.8;14.1;18.8;19.1;22.9;29.1;32.1;31.8;28.7;23.2;15.0;10.4;18.8
3191E;Mn;7.7;10.2;13.6;15.9;19.8;26.7;30.5;29.5;24.4;17.9;11.9;8.6;17.9
3191E;Md;8.0;10.0;13.8;15.3;19.7;26.1;30.0;29.5;24.4;17.9;11.8;8.6;17.8
3191E;S;1.41;1.97;2.06;2.05;2.39;2.10;1.20;1.36;2.06;2.27;1.35;0.85;0.54
3191E;Cv;0.18;0.20;0.15;0.13;0.12;0.08;0.04;0.05;0.08;0.13;0.11;0.10;0.03
3129;N;30;30;30;29;30;30;30;30;30;28;30;28;28
3129;Min;7.7;9.9;12.1;13.9;15.6;23.3;30.8;29.8;24.6;15.6;12.8;8.4;19.4
3129;Q1;9.3;11.1;15.6;16.5;21.2;27.7;32.0;31.6;26.2;19.5;13.4;10.3;20.4
3129;Q2;10.4;12.4;16.7;18.3;22.3;29.6;33.2;32.3;27.2;20.8;14.0;10.8;20.8
3129;Q3;11.3;13.7;17.3;19.1;23.8;30.6;34.0;33.4;28.4;21.2;15.0;11.2;21.1
3129;Q4;11.9;14.2;18.7;20.2;25.4;31.1;34.7;34.1;29.7;23.2;16.4;11.5;21.8
3129;Max;13.2;17.0;22.1;22.4;27.9;33.7;36.2;35.6;31.9;24.4;18.7;12.4;22.5
3129;Mn;11.0;12.7;17.0;19.0;22.9;30.2;33.6;32.9;28.0;21.0;14.5;11.1;21.0
3129;Md;10.7;13.0;17.0;18.6;23.1;29.5;33.5;32.8;27.9;20.9;14.8;10.9;21.0
3129;S;1.32;1.84;2.05;2.02;2.55;2.32;1.44;1.39;1.84;2.14;1.50;0.83;0.70
3129;Cv;0.12;0.14;0.12;0.11;0.11;0.08;0.04;0.04;0.07;0.10;0.10;0.08;0.03
3196;N;30;30;29;30;30;30;30;30;30;30;30;29;28
3196;Min;7.6;9.5;11.5;13.4;15.2;22.8;29.9;29.0;24.2;15.2;12.3;9.2;19.0
3196;Q1;9.2;11.0;15.2;15.9;20.5;26.9;31.6;31.1;25.6;18.9;13.0;10.2;20.1
3196;Q2;10.1;11.8;16.3;18.0;22.3;28.8;32.6;32.0;27.0;20.1;13.8;10.5;20.4
3196;Q3;10.9;13.1;16.9;19.3;23.3;29.8;33.2;32.4;27.9;20.9;14.4;10.7;20.8
3196;Q4;11.5;13.9;18.0;19.9;25.1;30.8;34.1;33.3;28.8;22.2;15.5;11.3;21.1
3196;Max;12.2;16.8;21.9;22.2;26.3;32.8;35.4;35.1;31.0;23.6;17.9;11.7;21.7
3196;Mn;10.7;12.4;16.4;18.6;22.6;29.4;33.0;32.3;27.6;20.5;14.2;10.7;20.7
3196;Md;10.4;12.5;16.5;18.3;22.6;28.9;32.8;32.2;27.3;20.4;14.3;10.7;20.6
3196;S;1.22;1.84;2.07;2.09;2.45;2.45;1.33;1.34;1.80;2.04;1.39;0.63;0.64
3196;Cv;0.12;0.15;0.12;0.11;0.11;0.08;0.04;0.04;0.07;0.10;0.10;0.06;0.03
3200;N;30;30;30;30;30;30;30;30;30;30;30;30;30
3200;Min;7.7;9.9;12.1;13.9;15.9;22.8;30.8;29.5;24.4;15.5;12.6;8.5;19.4
3200;Q1;9.2;11.2;15.1;16.6;21.0;27.3;32.1;31.3;25.8;19.4;13.0;10.0;20.4
3200;Q2;10.4;12.1;16.4;18.3;22.4;29.4;32.9;32.2;27.3;20.2;13.9;10.6;20.6
3200;Q3;10.8;13.2;17.2;19.3;24.1;30.4;33.8;33.0;28.1;21.1;14.8;10.8;21.0
3200;Q4;11.9;14.0;18.4;20.3;25.7;30.9;34.3;33.4;28.8;22.8;15.8;11.5;21.4
3200;Max;12.9;16.9;21.7;22.0;26.5;32.6;35.5;34.7;31.8;24.1;19.0;12.1;21.9
3200;Mn;10.7;12.9;16.8;19.0;22.9;30.1;33.5;32.7;27.6;20.7;14.4;10.8;20.8
3200;Md;10.5;12.7;16.8;18.6;23.0;29.3;33.2;32.5;27.5;20.6;14.5;10.7;20.8
3200;S;1.29;1.75;1.93;1.94;2.39;2.34;1.21;1.24;1.83;2.05;1.47;0.80;0.59
3200;Cv;0.12;0.14;0.12;0.10;0.10;0.08;0.04;0.04;0.07;0.10;0.10;0.08;0.03
3195;N;30;30;30;30;30;30;30;30;30;30;30;30;30
3195;Min;7.3;9.2;12.1;13.3;15.8;22.2;29.4;28.7;23.4;14.4;11.8;7.9;18.8
3195;Q1;8.5;10.6;14.6;16.3;20.1;26.5;30.6;30.1;24.7;18.3;12.1;9.4;19.4
3195;Q2;9.6;11.4;15.9;17.9;21.7;28.0;32.0;30.9;26.1;19.0;13.1;9.9;19.8
3195;Q3;10.2;12.5;16.5;19.1;22.9;29.1;32.4;31.8;26.9;19.8;13.8;10.4;20.0
3195;Q4;10.7;13.0;17.9;19.8;24.4;30.0;33.2;32.4;27.6;21.2;14.8;10.7;20.5
3195;Max;12.1;16.0;20.9;21.2;25.8;31.7;34.6;34.3;30.3;22.6;16.9;11.3;21.2
3195;Mn;10.1;12.0;16.3;18.4;22.1;28.6;32.4;31.6;26.6;19.4;13.5;10.1;19.9
3195;Md;9.8;12.0;16.3;18.2;22.2;28.2;32.1;31.3;26.4;19.4;13.5;10.0;19.9
3195;S;1.18;1.67;1.89;1.89;2.22;2.27;1.30;1.39;1.75;1.94;1.30;0.75;0.55
3195;Cv;0.12;0.14;0.12;0.10;0.10;0.08;0.04;0.04;0.07;0.10;0.10;0.07;0.03
3175;N;29;30;30;30;30;29;30;30;30;29;30;30;27
3175;Min;8.1;10.2;12.6;14.2;16.5;22.5;30.6;30.1;24.1;15.6;12.8;9.1;19.9
3175;Q1;9.5;11.4;15.6;16.8;21.1;27.8;32.3;31.7;26.3;19.2;13.4;10.4;20.6
3175;Q2;10.6;12.5;16.9;18.4;22.2;29.5;32.7;32.2;27.5;20.7;14.0;10.9;21.0
3175;Q3;11.2;13.7;17.2;19.8;24.1;30.4;33.9;33.0;27.9;21.9;15.2;11.2;21.3
3175;Q4;11.5;14.5;18.6;20.6;25.7;31.5;34.5;33.7;29.2;22.8;16.4;11.6;21.8
3175;Max;13.2;17.2;22.0;22.4;27.1;33.7;35.9;35.3;31.6;24.2;18.2;12.8;22.3
3175;Mn;11.0;13.0;17.1;19.2;23.2;30.1;33.2;32.6;27.7;21.5;14.8;11.1;21.2
3175;Md;10.7;13.1;17.1;18.8;23.2;29.6;33.3;32.7;27.8;21.0;14.8;11.0;21.2
3175;S;1.29;1.77;1.97;1.97;2.40;2.51;1.33;1.26;1.79;2.18;1.45;0.80;0.61
3175;Cv;0.12;0.13;0.11;0.10;0.10;0.08;0.04;0.04;0.06;0.10;0.10;0.07;0.03
2462;N;30;30;30;30;30;30;30;30;30;30;30;30;30
2462;Min;-1.2;-1.2;1.3;1.5;3.6;11.7;19.4;17.5;12.8;4.5;2.3;1.4;9.0
2462;Q1;0.6;0.3;3.7;4.3;9.2;16.2;21.1;20.8;15.8;8.5;3.8;2.1;10.2
2462;Q2;1.4;1.9;5.1;6.6;10.6;17.9;21.7;21.8;16.6;10.3;4.6;2.7;10.6
2462;Q3;2.2;3.4;6.2;8.3;12.5;18.9;23.0;22.7;18.2;11.1;6.0;3.5;11.0
2462;Q4;3.9;6.0;7.5;8.8;14.3;20.0;23.7;23.5;19.2;12.9;7.3;4.6;11.3
2462;Max;6.8;7.9;11.9;12.1;16.1;21.8;24.8;25.5;21.2;14.8;9.7;6.0;12.1
2462;Mn;1.9;2.9;5.8;7.9;11.7;18.7;22.8;22.4;17.4;10.7;5.3;2.9;10.8
2462;Md;2.3;3.0;5.8;7.0;11.5;18.0;22.4;22.2;17.2;10.6;5.6;3.3;10.7
2462;S;1.94;2.53;2.36;2.63;2.76;2.47;1.45;1.75;2.13;2.27;1.95;1.27;0.69
2462;Cv;0.86;0.84;0.41;0.37;0.24;0.14;0.06;0.08;0.12;0.21;0.35;0.39;0.06
6155A;N;30;30;30;30;30;30;30;30;29;30;30;30;29
6155A;Min;15.5;15.3;17.3;19.1;22.0;26.2;28.7;28.3;26.3;21.5;18.4;15.9;22.4
6155A;Q1;15.8;16.6;18.8;20.5;23.2;27.1;29.4;30.1;27.6;23.1;19.4;16.9;23.0
6155A;Q2;16.6;17.2;19.1;21.1;24.3;27.8;30.6;30.8;27.9;23.9;19.7;17.3;23.3
6155A;Q3;17.1;17.7;19.8;21.7;24.8;28.2;30.8;31.5;28.5;24.3;20.2;17.6;23.4
6155A;Q4;17.5;19.2;20.7;22.4;25.3;29.2;31.4;31.8;29.0;24.8;21.1;18.2;23.6
6155A;Max;19.3;20.6;21.6;23.8;26.0;30.4;32.5;32.3;29.6;26.3;22.4;19.1;24.0
6155A;Mn;16.7;17.4;19.3;21.4;24.6;28.0;30.7;30.9;28.2;24.2;19.9;17.5;23.3
6155A;Md;16.8;17.7;19.6;21.4;24.3;28.1;30.5;30.8;28.2;24.1;20.1;17.5;23.3
6155A;S;0.90;1.31;1.07;1.07;1.07;1.09;1.03;1.10;0.80;1.11;1.03;0.78;0.43
6155A;Cv;0.05;0.07;0.05;0.05;0.04;0.04;0.03;0.04;0.03;0.05;0.05;0.04;0.02
6000A;N;29;28;30;30;30;30;30;30;30;30;30;30;28
6000A;Min;14.8;14.7;16.8;17.8;20.0;22.6;26.1;27.1;24.9;21.9;18.1;15.8;21.1
6000A;Q1;15.8;16.0;17.7;19.2;21.6;24.8;27.8;28.1;26.3;22.8;19.1;16.8;21.9
6000A;Q2;16.5;16.7;18.1;19.9;22.3;25.7;28.5;28.5;26.7;23.4;19.8;17.3;22.1
6000A;Q3;16.8;17.2;18.7;20.3;22.9;26.1;28.9;29.9;27.1;24.1;20.7;18.0;22.5
6000A;Q4;17.6;17.9;19.3;21.0;23.5;27.0;30.3;30.7;28.2;24.6;21.4;18.7;22.8
6000A;Max;18.8;19.5;21.5;22.0;24.5;27.9;31.6;32.9;31.0;25.2;22.6;20.5;23.8
6000A;Mn;16.7;16.9;18.5;20.1;22.7;25.8;28.8;29.2;27.0;23.8;20.3;17.7;22.2
6000A;Md;16.7;17.0;18.5;20.1;22.5;25.8;28.9;29.4;27.1;23.7;20.3;17.8;22.3
6000A;S;0.94;1.17;1.07;0.92;1.03;1.16;1.38;1.52;1.24;0.90;1.24;1.22;0.63
6000A;Cv;0.06;0.07;0.06;0.05;0.05;0.05;0.05;0.05;0.05;0.04;0.06;0.07;0.03
7178I;N;26;26;26;27;27;27;27;27;27;27;27;27;26
7178I;Min;14.2;15.5;18.4;20.8;23.0;27.5;31.7;31.7;28.0;23.6;17.4;14.9;24.1
7178I;Q1;15.2;16.8;19.5;21.6;25.5;30.3;33.1;33.3;29.8;24.7;19.2;16.3;24.6
7178I;Q2;16.1;17.7;20.4;23.0;26.5;30.8;33.6;33.9;30.1;25.0;19.7;16.9;24.8
7178I;Q3;17.0;18.4;20.9;23.6;27.1;31.1;34.3;34.6;30.7;25.9;20.7;17.4;25.0
7178I;Q4;17.8;20.1;22.5;24.8;28.0;31.8;34.6;35.1;31.0;26.8;21.5;18.3;25.2
7178I;Max;19.6;21.8;24.8;25.3;28.9;33.4;35.8;35.9;33.0;28.2;23.2;18.8;25.7
7178I;Mn;16.4;18.0;20.7;23.4;26.7;30.9;34.0;34.0;30.4;25.5;20.1;17.1;25.0
7178I;Md;16.6;18.4;20.9;23.3;26.6;31.0;34.0;34.2;30.4;25.6;20.3;17.2;24.9
7178I;S;1.32;1.83;1.55;1.33;1.45;1.34;0.97;1.02;1.05;1.21;1.36;1.01;0.42
7178I;Cv;0.08;0.10;0.07;0.06;0.05;0.04;0.03;0.03;0.03;0.05;0.07;0.06;0.02
7228;N;30;30;30;30;30;30;30;30;30;30;30;30;30
7228;Min;13.7;15.1;18.0;21.1;22.8;26.7;31.9;31.7;27.9;23.2;17.2;14.7;23.8
7228;Q1;15.2;16.7;19.4;21.5;25.1;30.1;33.1;33.0;29.5;24.4;19.0;16.2;24.3
7228;Q2;16.2;17.6;20.2;22.9;26.1;30.5;33.8;33.7;30.0;25.1;19.5;16.6;24.7
7228;Q3;17.1;18.0;20.9;23.3;27.0;31.1;34.4;34.3;30.8;25.9;20.6;17.2;25.0
7228;Q4;18.0;19.8;22.5;24.5;27.8;32.3;35.0;35.0;31.4;27.0;21.6;18.0;25.2
7228;Max;19.4;21.8;24.5;25.4;28.8;33.7;36.0;36.1;33.0;28.1;23.0;20.1;25.5
7228;Mn;16.7;17.8;20.6;23.1;26.5;30.8;34.0;34.0;30.4;25.4;20.2;17.0;24.9
7228;Md;16.6;18.1;20.9;23.1;26.4;30.9;34.0;34.0;30.4;25.6;20.2;17.0;24.8
7228;S;1.39;1.78;1.62;1.28;1.43;1.46;1.15;1.13;1.19;1.29;1.42;1.13;0.44
7228;Cv;0.08;0.10;0.08;0.06;0.05;0.05;0.03;0.03;0.04;0.05;0.07;0.07;0.02
7031;N;30;30;30;30;30;30;29;28;30;29;28;29;25
7031;Min;13.9;14.4;16.6;19.0;21.1;24.8;26.7;26.9;25.8;21.9;17.5;14.9;21.6
7031;Q1;14.9;15.7;17.5;19.6;22.2;25.3;28.1;29.1;26.9;23.2;19.0;16.2;21.9
7031;Q2;15.7;16.3;17.9;20.1;22.9;26.1;28.7;29.2;27.2;23.7;19.6;16.5;22.2
7031;Q3;16.3;16.9;18.7;20.7;23.1;26.4;29.2;29.5;27.7;24.1;20.2;17.1;22.4
7031;Q4;17.3;18.0;19.5;21.4;23.6;27.2;29.6;30.3;28.3;25.0;21.0;17.7;22.7
7031;Max;18.5;19.4;22.1;22.4;25.9;28.4;30.6;31.4;29.5;25.9;21.5;19.6;22.9
7031;Mn;16.1;16.6;18.5;20.4;23.0;26.3;29.0;29.3;27.4;23.8;19.9;16.7;22.4
7031;Md;16.0;16.7;18.5;20.4;22.9;26.4;28.9;29.5;27.5;24.0;19.9;16.9;22.3
7031;S;1.20;1.35;1.24;0.90;1.01;0.95;0.93;0.93;0.80;1.02;1.11;1.08;0.36
7031;Cv;0.07;0.08;0.07;0.04;0.04;0.04;0.03;0.03;0.03;0.04;0.06;0.06;0.02
9262;N;28;29;30;29;28;30;29;29;29;30;29;29;24
9262;Min;5.0;7.1;10.2;10.6;13.4;19.4;24.0;24.5;20.4;13.9;8.7;7.1;16.2
9262;Q1;6.9;8.2;12.7;14.8;18.2;22.8;25.6;26.1;22.0;16.8;10.4;7.9;17.1
9262;Q2;8.5;9.6;13.1;15.7;20.0;23.7;26.9;27.3;23.7;17.9;12.1;9.1;17.5
9262;Q3;9.6;10.8;14.8;16.7;21.4;24.6;28.1;28.1;24.3;19.3;13.4;9.7;17.9
9262;Q4;10.4;12.8;16.0;17.7;22.3;26.2;29.0;29.3;25.5;20.4;14.3;11.1;18.5
9262;Max;11.4;15.9;18.5;19.1;22.8;30.1;30.6;33.2;27.9;22.5;16.0;13.0;19.3
9262;Mn;9.1;10.3;13.9;16.1;20.4;24.3;27.2;27.5;24.0;18.7;12.6;9.5;17.8
9262;Md;8.8;10.5;14.1;16.0;20.1;24.5;27.4;27.7;23.9;18.5;12.6;9.5;17.8
9262;S;1.73;2.26;2.00;1.94;2.28;2.25;1.80;1.96;1.88;2.11;1.84;1.42;0.79
9262;Cv;0.20;0.22;0.14;0.12;0.11;0.09;0.07;0.07;0.08;0.11;0.15;0.15;0.04
9263D;N;30;30;30;30;30;30;30;30;30;30;30;29;29
9263D;Min;4.9;7.2;10.6;11.5;14.1;19.8;24.5;24.5;21.4;14.3;10.0;6.5;16.9
9263D;Q1;7.8;8.5;13.2;14.8;19.0;23.6;26.6;26.2;22.5;17.3;11.4;8.9;17.7
9263D;Q2;8.6;9.7;14.1;16.2;20.7;24.8;27.6;27.8;24.0;18.9;12.3;9.6;18.1
9263D;Q3;9.8;11.4;14.9;17.1;21.9;25.6;28.6;28.7;25.1;19.8;13.6;10.2;18.6
9263D;Q4;11.0;13.7;16.2;18.1;22.8;26.6;30.0;29.8;25.9;21.2;14.7;10.7;18.9
9263D;Max;12.0;15.9;18.8;19.7;23.2;30.4;31.0;33.0;28.5;23.4;16.2;12.9;19.5
9263D;Mn;8.9;10.4;14.3;16.6;21.4;25.3;28.0;28.5;24.7;19.4;12.9;9.8;18.3
9263D;Md;9.1;10.9;14.5;16.4;20.8;25.2;28.2;28.3;24.5;19.3;13.1;9.7;18.4
9263D;S;1.84;2.44;1.94;1.92;2.18;2.11;1.75;1.97;1.82;2.13;1.68;1.40;0.70
9263D;Cv;0.20;0.22;0.13;0.12;0.10;0.08;0.06;0.07;0.07;0.11;0.13;0.14;0.04
1690A;N;30;30;29;30;30;29;30;30;29;30;29;29;28
1690A;Min;9.5;11.3;15.0;15.0;17.3;23.1;27.4;26.8;23.1;17.8;14.1;11.4;19.5
1690A;Q1;11.6;13.2;17.0;17.2;21.1;26.0;28.5;29.3;25.6;20.1;14.9;11.9;20.6
1690A;Q2;12.3;14.8;17.9;19.3;22.8;27.0;29.4;29.8;26.9;21.5;15.4;12.4;21.2
1690A;Q3;13.2;16.1;19.0;20.3;23.8;27.9;30.3;30.6;28.6;22.2;15.9;12.8;21.7
1690A;Q4;13.5;16.7;20.5;22.6;25.0;29.2;31.8;32.2;29.4;23.7;17.0;14.0;22.1
1690A;Max;14.8;18.9;25.4;24.7;26.3;32.0;33.8;34.0;31.9;24.8;18.2;15.3;22.5
1690A;Mn;12.8;15.5;18.3;20.0;23.4;27.4;29.8;30.1;27.9;21.6;15.5;12.6;21.4
1690A;Md;12.6;15.2;18.7;19.8;22.9;27.5;30.2;30.6;27.5;21.6;15.9;12.8;21.3
1690A;S;1.26;1.90;2.21;2.56;2.29;2.08;1.71;1.78;2.12;2.03;1.15;1.07;0.81
1690A;Cv;0.10;0.13;0.12;0.13;0.10;0.08;0.06;0.06;0.08;0.09;0.07;0.08;0.04
1484C;N;25;25;24;25;25;25;25;25;25;26;26;26;24
1484C;Min;11.1;11.5;13.8;14.1;17.8;20.5;23.0;22.8;20.3;16.8;13.5;11.9;17.8
1484C;Q1;12.1;12.6;15.1;15.8;18.7;22.5;24.4;24.3;22.0;17.9;14.4;12.6;18.7
1484C;Q2;12.7;13.8;16.5;17.2;20.1;23.3;25.3;25.3;23.1;19.1;15.0;13.1;19.0
1484C;Q3;12.9;14.9;17.1;17.8;21.2;24.2;26.3;26.9;24.3;20.3;15.7;13.4;19.1
1484C;Q4;13.7;15.4;18.9;19.5;22.0;25.1;27.2;28.0;25.4;21.4;16.3;14.2;19.9
1484C;Max;14.4;17.6;22.4;22.1;23.4;26.0;29.2;28.3;26.1;23.5;18.5;15.6;20.6
1484C;Mn;12.8;14.3;16.8;17.6;20.6;23.7;26.0;25.6;23.7;19.4;15.3;13.3;19.1
1484C;Md;12.9;14.2;17.0;17.6;20.6;23.8;25.9;26.0;23.7;19.6;15.4;13.4;19.2
1484C;S;0.87;1.58;1.95;1.91;1.62;1.51;1.60;1.72;1.62;1.72;1.19;0.84;0.63
1484C;Cv;0.07;0.11;0.11;0.11;0.08;0.06;0.06;0.07;0.07;0.09;0.08;0.06;0.03
1495;N;29;30;29;30;29;29;28;30;30;29;27;28;26
1495;Min;9.9;10.7;13.0;12.9;14.7;19.2;21.7;21.8;19.0;15.9;13.1;10.7;17.0
1495;Q1;11.3;12.0;14.2;14.3;17.1;21.2;22.8;23.1;21.1;17.1;13.8;11.9;17.5
1495;Q2;11.6;12.6;15.1;16.4;17.9;21.9;24.1;23.8;22.3;18.2;14.4;12.2;17.8
1495;Q3;12.1;14.1;16.0;17.1;19.7;23.0;25.1;25.3;23.5;19.2;15.1;12.3;18.1
1495;Q4;12.7;14.6;17.1;18.2;20.8;24.0;25.9;26.1;24.6;20.6;16.2;13.0;18.5
1495;Max;13.2;16.6;21.7;20.9;22.5;25.1;27.7;27.6;26.7;22.3;18.1;14.6;19.2
1495;Mn;11.8;13.3;15.5;16.8;18.7;22.7;24.7;24.9;22.7;18.6;14.8;12.3;17.9
1495;Md;11.9;13.3;15.8;16.6;18.8;22.5;24.4;24.7;22.8;18.7;14.9;12.4;18.0
1495;S;0.86;1.55;1.88;2.03;2.01;1.57;1.72;1.69;1.79;1.64;1.23;0.80;0.57
1495;Cv;0.07;0.12;0.12;0.12;0.11;0.07;0.07;0.07;0.08;0.09;0.08;0.06;0.03
2867;N;30;30;30;30;30;30;30;30;30;30;30;30;30
2867;Min;5.9;8.1;10.1;11.3;13.1;21.2;27.8;25.8;20.5;14.1;10.6;6.7;17.0
2867;Q1;7.6;9.0;13.2;14.6;18.6;25.2;28.5;28.1;23.5;16.8;11.1;8.5;18.0
2867;Q2;8.1;10.4;14.5;16.2;19.9;26.4;29.9;29.2;24.6;18.7;12.3;9.3;18.5
2867;Q3;8.8;11.7;15.2;17.2;21.5;27.2;30.3;29.8;26.2;19.3;12.9;9.6;19.0
2867;Q4;10.1;13.0;16.4;18.1;22.9;28.4;31.4;30.8;26.6;20.6;14.6;10.1;19.3
2867;Max;12.0;15.1;20.4;20.6;24.4;30.2;32.6;32.1;29.3;22.5;16.9;12.1;20.3
2867;Mn;8.4;11.0;14.9;16.9;21.0;26.8;30.1;29.6;25.2;19.1;12.8;9.5;18.7
2867;Md;8.6;11.2;14.9;16.5;20.6;26.6;30.0;29.5;25.1;18.9;12.8;9.4;18.7
2867;S;1.50;2.11;2.03;2.14;2.48;2.24;1.36;1.51;1.98;2.10;1.63;1.13;0.73
2867;Cv;0.17;0.19;0.14;0.13;0.12;0.08;0.05;0.05;0.08;0.11;0.13;0.12;0.04
2870;N;20;16;15;19;22;19;20;20;22;23;19;18;5
2870;Min;4.8;8.6;11.8;12.4;15.9;19.3;27.1;26.3;21.5;13.1;10.6;8.0;
2870;Q1;7.1;9.9;13.8;14.5;18.7;25.2;29.0;29.1;23.6;16.9;11.6;8.4;
2870;Q2;8.9;10.9;15.2;16.8;20.1;26.7;29.7;29.4;25.4;19.1;12.8;9.0;
2870;Q3;9.7;12.5;15.8;17.7;21.1;27.4;30.3;30.2;26.5;19.6;13.4;9.6;
2870;Q4;10.6;13.6;16.5;18.8;21.9;29.4;31.4;31.5;27.3;21.2;14.7;10.6;
2870;Max;11.8;15.0;18.9;19.6;24.7;30.6;33.5;33.0;28.5;22.6;18.1;12.0;
2870;Mn;9.2;11.9;15.4;17.3;20.6;26.9;29.9;29.8;26.1;19.4;13.0;9.5;
2870;Md;8.9;11.7;15.4;16.6;20.4;26.8;30.2;30.1;25.5;18.9;13.2;9.6;
2870;S;1.94;1.92;1.70;2.16;2.19;2.97;1.52;1.64;1.94;2.45;1.86;1.24;
2870;Cv;0.22;0.16;0.11;0.13;0.11;0.11;0.05;0.05;0.08;0.13;0.14;0.13;
C929I;N;30;30;29;29;30;30;29;29;29;29;30;30;27
C929I;Min;19.6;19.2;19.6;20.5;21.1;22.7;23.2;24.7;25.2;24.3;21.9;20.3;22.6
C929I;Q1;20.3;20.1;20.6;20.9;22.0;23.0;24.4;25.3;25.8;24.8;23.1;21.5;22.9
C929I;Q2;20.7;20.5;20.9;21.3;22.5;23.9;24.9;25.9;26.2;25.3;23.7;21.8;23.1
C929I;Q3;21.2;20.9;21.4;21.9;22.8;24.3;25.1;26.2;26.5;25.9;24.0;22.5;23.6
C929I;Q4;21.6;21.3;22.2;22.3;23.2;25.0;25.7;26.6;27.3;26.5;24.4;22.9;23.8
C929I;Max;22.4;23.0;23.1;22.8;23.8;25.3;26.6;28.2;28.4;27.1;25.3;23.7;24.2
C929I;Mn;20.9;20.7;21.1;21.5;22.6;24.2;25.0;26.0;26.3;25.7;23.8;22.3;23.3
C929I;Md;20.9;20.8;21.4;21.6;22.6;24.0;25.0;26.1;26.5;25.6;23.7;22.2;23.3
C929I;S;0.74;0.87;0.96;0.69;0.70;0.82;0.86;0.85;0.82;0.84;0.75;0.86;0.48
C929I;Cv;0.04;0.04;0.05;0.03;0.03;0.03;0.03;0.03;0.03;0.03;0.03;0.04;0.02
C430E;N;22;27;24;25;26;26;29;29;28;25;23;22;16
C430E;Min;4.1;1.3;7.2;8.3;11.2;15.9;20.7;19.3;16.8;11.1;8.6;5.7;13.0
C430E;Q1;5.7;6.2;8.2;9.8;12.6;18.1;21.9;21.3;17.4;12.8;9.9;7.6;13.4
C430E;Q2;7.0;7.4;10.3;11.7;14.2;18.4;22.6;22.0;18.8;13.8;11.1;8.6;13.9
C430E;Q3;8.1;8.5;11.1;12.8;14.6;19.3;23.2;22.8;19.0;15.0;11.5;9.6;14.3
C430E;Q4;9.5;11.0;11.9;13.7;16.2;19.9;24.1;24.0;19.7;15.9;11.7;10.3;14.5
C430E;Max;11.1;12.2;13.5;15.4;18.2;22.0;24.8;25.3;20.7;16.3;13.5;11.9;15.3
C430E;Mn;7.7;7.6;10.7;12.2;14.4;18.7;23.0;22.4;18.9;14.0;11.4;9.0;14.1
C430E;Md;7.6;8.2;10.3;12.0;14.5;18.9;22.9;22.5;18.7;14.3;11.0;8.9;14.1
C430E;S;2.03;2.51;1.83;1.98;1.87;1.34;1.12;1.37;1.08;1.41;1.21;1.56;0.66
C430E;Cv;0.27;0.31;0.18;0.17;0.13;0.07;0.05;0.06;0.06;0.10;0.11;0.18;0.05
C139E;N;30;29;28;28;29;30;28;30;28;28;28;29;25
C139E;Min;18.7;19.0;19.4;20.2;21.3;22.8;24.0;24.7;25.0;23.5;21.0;19.8;22.0
C139E;Q1;20.0;19.6;20.3;20.7;21.6;23.2;24.6;25.4;25.6;24.7;22.8;20.9;22.6
C139E;Q2;20.2;20.0;20.6;21.3;22.5;23.9;25.0;25.9;26.4;25.1;23.2;21.6;22.9
C139E;Q3;20.6;20.6;21.6;21.8;23.0;24.3;25.5;26.6;26.9;25.5;23.7;22.0;23.5
C139E;Q4;21.3;21.7;22.3;22.1;23.2;25.0;26.1;27.1;27.4;26.3;24.3;22.6;23.9
C139E;Max;22.9;23.2;22.9;24.2;23.8;25.7;27.7;28.8;28.5;26.7;25.0;23.6;24.3
C139E;Mn;20.3;20.3;21.2;21.6;22.7;24.1;25.3;26.3;26.8;25.3;23.4;21.8;23.2
C139E;Md;20.6;20.6;21.2;21.6;22.6;24.1;25.4;26.3;26.6;25.4;23.5;21.7;23.2
C139E;S;0.95;1.11;1.00;0.86;0.74;0.85;0.90;0.92;0.90;0.84;0.86;0.96;0.64
C139E;Cv;0.05;0.05;0.05;0.04;0.03;0.04;0.04;0.03;0.03;0.03;0.04;0.04;0.03
C449C;N;30;30;30;30;30;30;30;30;30;30;30;30;30
C449C;Min;19.4;19.0;20.6;20.7;22.6;24.2;26.9;27.7;26.0;24.4;21.4;20.3;23.1
C449C;Q1;20.2;20.3;21.1;21.6;23.3;25.4;27.7;28.0;27.3;25.5;23.5;21.1;24.1
C449C;Q2;20.6;20.7;21.7;22.4;23.7;26.0;28.4;28.6;27.9;26.2;23.8;21.9;24.5
C449C;Q3;21.2;21.3;22.3;23.1;24.3;26.4;28.7;29.2;28.3;26.5;24.3;22.3;24.8
C449C;Q4;22.0;22.2;23.1;23.8;24.9;27.0;29.5;30.0;28.9;27.2;25.1;23.1;25.3
C449C;Max;22.5;24.3;24.9;24.7;26.3;28.5;31.1;31.3;29.7;28.0;26.0;24.1;25.8
C449C;Mn;20.8;21.1;21.9;22.6;24.1;26.3;28.6;28.9;28.2;26.4;24.1;22.2;24.6
C449C;Md;21.0;21.2;22.1;22.7;24.1;26.2;28.7;29.0;28.1;26.3;24.1;22.1;24.6
C449C;S;0.89;1.18;1.08;1.05;0.96;0.92;1.01;1.01;0.85;0.95;0.99;0.97;0.66
C449C;Cv;0.04;0.06;0.05;0.05;0.04;0.04;0.04;0.03;0.03;0.04;0.04;0.04;0.03
C447A;N;30;30;29;30;29;27;30;30;30;29;29;30;25
C447A;Min;14.2;14.3;14.8;15.9;17.5;19.3;21.7;21.5;22.1;20.2;16.7;14.7;19.0
C447A;Q1;15.1;15.3;16.6;17.5;18.7;21.2;23.0;23.9;23.9;21.1;18.7;15.7;19.7
C447A;Q2;15.5;15.7;17.5;18.2;19.5;21.8;24.0;25.5;24.6;22.1;19.1;16.9;20.4
C447A;Q3;16.1;16.8;19.0;18.9;20.5;22.3;24.8;26.3;25.1;22.6;19.7;17.5;20.7
C447A;Q4;16.9;18.7;20.2;19.5;21.7;23.5;26.6;27.0;25.6;23.7;20.7;18.5;21.1
C447A;Max;18.0;20.2;21.5;21.2;22.5;24.4;30.0;29.5;27.8;25.2;22.4;19.3;21.6
C447A;Mn;15.8;16.1;18.2;18.6;20.1;22.2;24.5;26.0;24.9;22.2;19.6;17.1;20.5
C447A;Md;16.0;16.7;18.2;18.5;20.0;22.2;24.7;25.7;24.9;22.5;19.6;17.1;20.5
C447A;S;1.03;1.65;1.77;1.25;1.39;1.29;1.97;1.74;1.19;1.39;1.18;1.31;0.70
C447A;Cv;0.06;0.10;0.10;0.07;0.07;0.06;0.08;0.07;0.05;0.06;0.06;0.08;0.03
C429I;N;27;29;29;28;28;29;26;28;26;27;27;28;21
C429I;Min;20.4;20.5;21.6;21.0;22.2;23.7;26.3;26.5;26.0;24.9;23.0;20.8;24.0
C429I;Q1;21.0;21.2;21.9;22.0;23.1;25.0;26.8;27.2;27.0;25.9;24.2;22.3;24.3
C429I;Q2;21.6;21.6;22.7;22.9;23.6;25.3;27.2;27.9;27.4;26.2;24.7;22.7;24.7
C429I;Q3;22.1;22.0;23.3;23.4;23.8;25.4;27.8;28.5;27.8;26.9;25.0;23.0;24.9
C429I;Q4;22.5;23.0;24.2;24.0;24.8;25.9;28.4;29.3;28.9;27.8;25.4;23.5;25.3
C429I;Max;22.8;24.5;25.3;25.2;26.2;27.4;30.5;31.6;31.2;29.3;25.9;24.5;25.6
C429I;Mn;21.7;22.0;23.0;23.3;23.7;25.4;27.6;28.0;27.6;26.4;24.8;22.9;24.8
C429I;Md;21.8;22.1;23.1;23.1;23.9;25.4;27.7;28.4;27.9;26.8;24.7;22.8;24.8
C429I;S;0.70;1.09;1.14;1.04;0.95;0.78;1.14;1.26;1.19;1.15;0.75;0.83;0.44
C429I;Cv;0.03;0.05;0.05;0.05;0.04;0.03;0.04;0.04;0.04;0.04;0.03;0.04;0.02
2465;N;22;22;22;22;22;22;22;22;22;22;23;23;22
2465;Min;6.0;6.1;11.1;11.6;16.8;18.9;26.3;27.0;20.0;13.2;8.5;6.8;16.3
2465;Q1;6.9;8.2;11.9;13.1;17.8;23.8;28.5;28.2;22.4;16.3;10.1;7.6;17.4
2465;Q2;7.7;9.4;13.1;14.7;18.6;25.8;29.5;29.0;23.5;17.4;11.3;8.7;17.7
2465;Q3;8.7;11.4;14.1;15.9;20.6;26.4;30.2;29.8;24.9;18.1;12.2;9.1;18.1
2465;Q4;9.3;13.2;15.6;16.7;21.7;28.0;31.1;30.6;25.8;20.3;13.9;9.5;18.5
2465;Max;10.8;13.8;19.0;19.3;23.2;29.8;31.7;32.2;26.6;21.4;14.8;11.3;19.1
2465;Mn;8.1;10.8;13.7;15.5;19.5;26.1;29.7;29.3;24.3;17.8;11.5;8.9;18.0
2465;Md;8.2;10.4;13.9;15.1;19.7;25.8;29.7;29.4;24.0;17.9;11.8;8.8;17.9
2465;S;1.39;2.36;2.02;1.98;1.99;2.51;1.39;1.35;1.93;2.32;1.82;1.08;0.65
2465;Cv;0.17;0.23;0.15;0.13;0.10;0.10;0.05;0.05;0.08;0.13;0.15;0.12;0.04
5796;N;29;28;30;30;30;30;30;30;30;29;29;29;25
5796;Min;13.7;14.4;17.2;18.3;20.6;25.6;31.3;32.3;27.7;21.4;17.9;14.1;23.7
5796;Q1;14.7;15.9;19.1;20.9;23.7;29.6;34.3;33.1;29.3;24.0;18.4;15.8;24.1
5796;Q2;15.4;17.0;20.6;21.5;25.6;30.9;34.9;34.4;30.4;25.1;19.1;16.4;24.6
5796;Q3;15.9;17.8;21.1;22.8;26.5;32.4;35.5;35.4;31.5;25.9;20.0;16.7;24.8
5796;Q4;16.5;18.9;22.1;24.0;28.0;33.0;36.5;35.7;32.1;27.3;20.8;17.1;25.2
5796;Max;17.7;21.2;25.4;25.7;30.0;34.1;37.7;37.6;35.5;29.3;24.6;17.9;25.7
5796;Mn;15.7;17.4;21.0;22.3;26.1;31.9;35.3;35.0;31.3;25.5;19.5;16.4;24.7
5796;Md;15.7;17.4;20.8;22.2;26.0;31.2;35.2;34.7;31.0;25.4;19.8;16.4;24.7
5796;S;0.98;1.62;1.76;1.73;2.11;2.18;1.57;1.43;1.79;2.16;1.50;0.83;0.54
5796;Cv;0.06;0.09;0.08;0.08;0.08;0.07;0.04;0.04;0.06;0.08;0.08;0.05;0.02
5783;N;30;30;30;30;30;30;30;30;30;30;29;29;28
5783;Min;14.4;15.2;17.9;19.3;21.9;26.6;32.3;32.8;29.0;22.1;18.4;14.5;24.1
5783;Q1;15.2;16.6;20.1;22.0;25.4;31.0;35.1;34.1;30.2;24.8;19.0;16.1;24.8
5783;Q2;15.7;17.6;21.7;22.8;26.9;32.1;35.9;35.2;31.3;25.9;19.6;16.3;25.3
5783;Q3;16.3;18.5;22.2;23.9;27.9;33.3;36.4;35.9;32.3;26.3;20.3;17.0;25.6
5783;Q4;16.9;19.6;23.3;25.3;29.3;34.0;37.3;36.7;32.8;27.5;21.2;17.1;25.9
5783;Max;17.9;22.1;26.2;26.7;31.3;35.3;38.5;37.8;35.1;29.5;24.5;17.6;26.6
5783;Mn;16.1;18.0;22.0;23.5;27.6;32.6;36.3;35.9;31.8;26.2;20.1;16.7;25.5
5783;Md;16.0;18.1;21.9;23.4;27.2;32.2;36.0;35.5;31.7;26.0;20.2;16.6;25.4
5783;S;0.87;1.67;1.72;1.81;2.14;2.16;1.56;1.40;1.52;1.88;1.39;0.70;0.60
5783;Cv;0.05;0.09;0.08;0.08;0.08;0.07;0.04;0.04;0.05;0.07;0.07;0.04;0.02
2030;N;30;30;30;30;30;29;29;30;30;30;30;30;28
2030;Min;4.3;5.3;9.1;9.2;12.2;18.4;25.2;25.1;19.3;11.3;8.7;7.1;16.0
2030;Q1;6.3;7.4;11.5;13.2;16.8;23.0;27.3;26.6;22.2;15.1;9.9;7.6;16.6
2030;Q2;7.3;9.1;12.7;14.0;18.1;24.2;28.5;28.3;23.0;16.9;10.5;8.1;17.0
2030;Q3;8.1;10.3;13.5;15.4;19.9;24.8;29.3;29.0;24.1;18.0;11.9;8.6;17.5
2030;Q4;9.1;11.2;15.0;16.2;20.7;26.6;30.1;29.4;25.2;19.6;13.2;9.1;17.7
2030;Max;10.5;13.8;18.8;18.7;22.3;29.2;31.6;31.3;27.8;21.3;16.7;10.5;18.2
2030;Mn;7.7;9.4;13.0;15.2;18.8;24.7;28.9;28.6;23.6;17.5;11.3;8.3;17.3
2030;Md;7.7;9.6;13.2;14.6;18.7;24.6;28.7;28.3;23.6;17.4;11.5;8.4;17.2
2030;S;1.52;2.23;2.13;2.16;2.26;2.46;1.55;1.52;2.02;2.38;1.91;0.81;0.61
2030;Cv;0.20;0.23;0.16;0.15;0.12;0.10;0.05;0.05;0.09;0.14;0.17;0.10;0.04
0016A;N;29;28;29;30;29;29;29;29;30;27;28;27;20
0016A;Min;9.9;12.4;13.9;17.0;18.8;23.4;27.1;27.3;24.9;19.9;15.5;12.7;20.0
0016A;Q1;12.6;13.4;15.9;18.1;21.0;25.2;28.5;28.1;25.3;20.9;16.4;14.1;20.6
0016A;Q2;14.1;14.0;16.8;19.0;21.9;26.0;29.2;29.2;25.9;21.9;17.0;14.6;20.8
0016A;Q3;14.7;15.6;17.5;19.2;22.5;26.4;29.5;29.8;26.6;22.5;18.0;15.2;21.5
0016A;Q4;15.3;16.8;18.3;19.9;23.4;27.6;30.0;30.5;27.3;23.1;18.6;15.6;21.7
0016A;Max;16.1;18.2;20.4;21.3;25.4;29.7;32.2;32.6;29.1;24.8;20.0;15.8;22.3
0016A;Mn;14.3;14.6;17.2;19.1;22.3;26.2;29.4;29.5;26.3;22.4;17.8;14.8;21.4
0016A;Md;14.0;15.0;17.0;19.0;22.1;26.3;29.3;29.4;26.3;22.2;17.5;14.7;21.1
0016A;S;1.48;1.76;1.43;0.97;1.45;1.30;0.99;1.22;0.99;1.27;1.22;0.98;0.62
0016A;Cv;0.11;0.12;0.08;0.05;0.07;0.05;0.03;0.04;0.04;0.06;0.07;0.07;0.03
9981A;N;30;30;30;29;30;30;30;29;30;30;30;30;28
9981A;Min;10.2;14.0;16.6;19.3;20.5;24.8;29.8;30.3;26.6;20.7;16.0;12.7;21.8
9981A;Q1;12.9;14.7;18.2;20.6;23.8;28.1;31.3;31.1;27.8;22.4;17.2;13.9;22.6
9981A;Q2;14.0;15.4;19.1;21.4;24.4;29.0;31.8;31.9;28.6;23.6;17.7;14.5;23.0
9981A;Q3;15.6;16.6;20.0;21.9;25.4;29.7;32.4;33.0;29.2;24.3;18.7;15.0;23.3
9981A;Q4;16.1;18.4;20.8;22.4;26.2;30.5;33.4;33.2;29.6;25.9;19.7;16.3;23.7
9981A;Max;17.7;19.9;23.2;24.1;27.8;33.1;35.0;35.5;31.4;26.4;20.6;17.7;24.2
9981A;Mn;15.0;16.0;19.7;21.7;25.2;29.4;32.0;32.1;29.0;23.9;18.5;14.7;23.2
9981A;Md;14.6;16.4;19.5;21.6;24.9;29.4;32.2;32.3;28.8;24.0;18.4;14.9;23.1
9981A;S;1.79;1.79;1.59;1.16;1.59;1.71;1.17;1.30;1.10;1.56;1.29;1.26;0.64
9981A;Cv;0.12;0.11;0.08;0.05;0.06;0.06;0.04;0.04;0.04;0.07;0.07;0.08;0.03
9381I;N;14;14;14;14;14;14;13;15;15;14;14;15;12
9381I;Min;;;;;;;;27.0;21.4;;;6.6;
9381I;Q1;;;;;;;;28.1;22.0;;;8.5;
9381I;Q2;;;;;;;;29.7;23.6;;;9.1;
9381I;Q3;;;;;;;;30.4;24.3;;;9.6;
9381I;Q4;;;;;;;;31.7;25.7;;;10.4;
9381I;Max;;;;;;;;32.4;26.9;;;11.5;
9381I;Mn;;;;;;;;30.0;23.9;;;9.4;
9381I;Md;;;;;;;;29.9;23.9;;;9.4;
9381I;S;;;;;;;;1.67;1.62;;;1.16;
9381I;Cv;;;;;;;;0.06;0.07;;;0.12;
8368U;N;24;24;24;25;25;25;25;25;25;25;25;25;24
8368U;Min;7.0;7.9;12.6;12.8;18.1;20.4;28.1;27.4;22.8;14.6;10.5;7.2;18.2
8368U;Q1;7.4;9.4;14.4;15.3;19.7;24.7;30.0;29.4;23.8;17.9;12.0;8.9;18.9
8368U;Q2;9.9;10.7;15.1;16.2;21.0;26.8;31.0;30.8;24.8;18.6;13.0;9.7;19.3
8368U;Q3;10.5;12.4;16.0;18.2;22.2;27.6;31.4;31.1;25.5;20.0;13.9;10.0;19.7
8368U;Q4;10.9;14.7;17.0;18.6;24.1;29.3;32.6;31.6;26.6;21.7;15.1;10.9;20.0
8368U;Max;12.6;17.6;19.9;20.0;25.6;30.8;35.1;33.8;28.7;22.4;16.5;11.5;20.6
8368U;Mn;10.3;12.2;15.4;17.5;21.7;27.3;31.1;30.9;25.1;19.1;13.6;9.9;19.5
8368U;Md;9.7;12.1;15.7;17.0;21.8;27.0;31.3;30.7;25.3;19.3;13.4;9.9;19.5
8368U;S;1.70;2.66;1.84;1.94;2.17;2.56;1.53;1.40;1.50;2.07;1.68;1.10;0.64
8368U;Cv;0.18;0.22;0.12;0.11;0.10;0.09;0.05;0.05;0.06;0.11;0.13;0.11;0.03
3260B;N;28;29;29;29;29;29;29;29;29;29;29;29;28
3260B;Min;9.3;11.3;13.5;15.3;17.3;23.9;31.9;30.8;25.8;17.1;13.7;9.1;20.6
3260B;Q1;10.2;12.4;16.7;18.1;21.9;28.3;33.7;32.9;27.7;20.5;14.4;10.8;21.6
3260B;Q2;11.1;13.4;17.8;19.5;23.7;30.6;34.1;33.8;28.6;21.9;15.1;11.6;22.0
3260B;Q3;12.0;14.5;18.5;20.8;25.3;31.8;35.1;34.3;29.8;22.7;15.8;12.0;22.2
3260B;Q4;12.4;15.5;19.7;21.4;27.1;32.2;35.8;35.0;30.4;23.8;16.9;12.4;22.8
3260B;Max;14.0;18.2;22.9;23.1;27.9;34.3;36.8;36.1;33.0;25.9;18.0;13.7;23.3
3260B;Mn;11.5;14.1;18.0;20.4;24.3;31.3;35.0;34.2;29.1;22.3;15.4;11.8;22.1
3260B;Md;11.5;14.0;18.1;19.9;24.2;30.5;34.6;34.0;29.0;22.1;15.6;11.6;22.1
3260B;S;1.20;1.75;1.94;1.94;2.49;2.56;1.28;1.28;1.86;2.01;1.21;0.97;0.67
3260B;Cv;0.10;0.13;0.11;0.10;0.10;0.08;0.04;0.04;0.06;0.09;0.08;0.08;0.03
8416;N;30;30;30;30;30;30;30;30;30;30;30;30;30
8416;Min;13.6;14.4;16.7;18.8;20.6;24.6;27.1;28.1;25.7;22.0;17.7;15.1;21.4
8416;Q1;14.8;15.9;18.2;19.8;22.6;25.7;28.9;29.2;27.1;23.2;18.7;15.9;22.2
8416;Q2;15.8;16.3;18.8;20.5;23.2;26.4;29.6;30.1;27.6;23.8;19.6;16.8;22.4
8416;Q3;17.0;17.3;19.2;21.1;23.9;27.5;30.0;30.6;28.0;24.6;19.9;17.2;23.0
8416;Q4;17.5;19.0;20.7;21.5;24.4;28.3;30.6;31.2;28.6;25.5;21.2;17.7;23.5
8416;Max;19.5;20.5;24.3;23.0;25.8;30.9;32.0;33.1;29.9;27.2;22.8;18.8;23.9
8416;Mn;16.7;17.1;19.0;20.9;23.6;27.2;30.0;30.2;27.8;24.2;19.7;17.0;22.7
8416;Md;16.4;17.1;19.3;20.8;23.4;27.1;29.7;30.2;27.9;24.3;19.8;17.0;22.8
8416;S;1.44;1.74;1.55;1.05;1.30;1.42;0.97;1.24;0.90;1.30;1.23;0.97;0.63
8416;Cv;0.09;0.10;0.08;0.05;0.06;0.05;0.03;0.04;0.03;0.05;0.06;0.06;0.03
8414A;N;30;30;30;30;30;29;30;30;30;28;28;30;27
8414A;Min;12.8;14.4;16.3;19.3;21.3;24.9;28.4;28.4;25.8;21.5;17.4;14.0;21.5
8414A;Q1;14.3;15.2;18.2;19.9;23.0;27.0;29.9;30.0;27.0;22.7;18.1;15.2;22.3
8414A;Q2;15.6;16.0;18.8;20.7;23.7;27.7;30.3;30.5;27.7;23.6;18.9;15.9;22.7
8414A;Q3;16.4;17.0;19.5;21.4;24.7;28.1;30.8;31.2;28.1;24.4;19.5;16.4;23.1
8414A;Q4;16.9;18.3;20.7;22.1;25.2;28.8;31.0;31.7;28.8;25.2;20.3;17.4;23.4
8414A;Max;19.1;20.7;24.1;23.3;26.6;30.9;33.4;33.3;30.3;26.7;21.9;18.4;23.8
8414A;Mn;16.2;16.4;19.2;21.1;24.1;27.9;30.6;30.8;28.0;23.9;19.1;16.4;22.8
8414A;Md;15.8;16.8;19.3;21.1;24.1;27.8;30.6;30.8;28.0;24.0;19.2;16.2;22.8
8414A;S;1.56;1.80;1.58;1.13;1.38;1.24;1.00;1.06;1.05;1.39;1.22;1.15;0.62
8414A;Cv;0.10;0.11;0.08;0.05;0.06;0.04;0.03;0.03;0.04;0.06;0.06;0.07;0.03
2422;N;30;30;30;30;30;30;29;30;30;30;30;30;29
2422;Min;5.4;8.0;11.6;12.2;14.5;21.4;28.0;27.2;21.5;14.1;9.3;6.3;17.4
2422;Q1;6.8;9.1;13.6;15.2;19.4;25.6;29.3;28.5;24.1;17.4;10.7;7.5;18.3
2422;Q2;7.8;10.8;14.8;16.6;20.7;27.0;30.5;29.8;25.1;18.3;11.8;8.2;18.7
2422;Q3;8.7;11.5;15.6;17.5;21.8;27.7;31.2;30.5;26.0;19.4;12.5;8.9;19.0
2422;Q4;9.6;12.7;16.6;18.2;23.4;28.7;31.9;31.4;26.8;20.9;14.1;9.7;19.3
2422;Max;10.7;14.5;20.4;20.8;24.5;31.0;33.2;32.8;29.7;22.4;17.6;11.7;19.9
2422;Mn;8.2;11.1;15.2;17.2;21.0;27.3;30.6;30.1;25.7;18.9;12.3;8.3;18.8
2422;Md;8.2;11.2;15.2;16.9;21.0;27.0;30.7;30.1;25.6;18.9;12.4;8.6;18.8
2422;S;1.44;1.83;1.85;1.97;2.25;2.26;1.35;1.39;1.93;2.11;1.86;1.24;0.60
2422;Cv;0.18;0.16;0.12;0.12;0.11;0.08;0.04;0.05;0.08;0.11;0.15;0.14;0.03
2539;N;30;30;30;29;30;30;30;30;30;30;30;30;29
2539;Min;4.8;7.5;9.5;11.0;12.9;19.7;26.5;25.1;19.8;13.0;8.9;6.5;16.3
2539;Q1;6.2;8.2;12.4;13.8;17.8;23.9;27.7;27.1;22.9;16.1;10.2;7.3;17.3
2539;Q2;7.1;9.9;13.5;15.3;19.1;25.1;28.9;28.3;23.9;17.6;10.9;7.6;17.5
2539;Q3;8.0;10.5;14.4;16.3;19.9;26.0;29.5;29.2;24.8;18.2;12.2;8.4;17.7
2539;Q4;8.9;11.8;15.2;16.9;21.6;26.9;30.3;30.0;26.0;20.0;13.5;9.3;18.2
2539;Max;9.7;13.8;19.3;19.4;22.7;29.5;31.5;31.3;28.7;21.4;16.7;10.4;18.7
2539;Mn;7.5;10.2;14.0;15.7;19.4;25.6;29.2;28.7;24.3;18.0;11.8;7.9;17.6
2539;Md;7.5;10.3;14.0;15.5;19.4;25.3;29.1;28.6;24.4;17.9;11.8;8.2;17.7
2539;S;1.33;1.84;1.96;1.88;2.21;2.27;1.34;1.50;2.02;2.11;1.80;1.00;0.55
2539;Cv;0.18;0.18;0.14;0.12;0.11;0.09;0.05;0.05;0.08;0.12;0.15;0.12;0.03
2614;N;30;30;30;30;30;30;30;30;30;30;30;30;30
2614;Min;5.6;9.2;10.6;12.5;14.4;22.2;27.3;26.2;20.9;14.1;9.5;6.3;17.5
2614;Q1;6.3;9.8;14.3;15.1;19.4;25.2;28.8;28.6;24.0;17.3;11.3;8.2;18.4
2614;Q2;8.1;10.9;15.1;16.9;20.7;26.8;30.0;29.3;24.9;18.8;12.2;8.7;18.8
2614;Q3;8.8;11.7;15.8;17.9;22.1;27.7;30.7;30.0;26.2;19.6;13.2;9.3;19.1
2614;Q4;10.0;12.8;16.9;18.6;23.5;28.8;32.2;31.2;27.0;20.7;13.9;10.6;19.5
2614;Max;11.0;14.6;20.9;20.9;24.6;30.9;33.3;32.6;29.5;22.9;16.5;12.4;20.2
2614;Mn;8.5;11.4;15.2;17.7;21.4;27.0;30.3;29.7;25.8;19.4;12.8;8.9;18.9
2614;Md;8.3;11.4;15.5;17.1;21.2;27.0;30.4;29.8;25.5;19.0;12.7;9.2;18.9
2614;S;1.66;1.58;1.97;2.01;2.43;2.31;1.53;1.51;1.93;1.98;1.48;1.33;0.66
2614;Cv;0.20;0.14;0.13;0.12;0.11;0.09;0.05;0.05;0.08;0.10;0.12;0.14;0.03
9390;N;30;30;30;30;30;30;30;29;30;30;30;30;29
9390;Min;6.4;8.0;10.8;11.5;13.6;20.9;27.0;26.8;22.2;14.1;10.8;8.2;17.5
9390;Q1;8.0;9.4;13.8;15.2;19.7;25.5;29.6;28.6;24.4;18.3;12.0;8.8;18.7
9390;Q2;9.2;10.7;14.9;16.3;20.6;26.6;30.5;30.2;25.4;19.2;12.9;9.7;19.3
9390;Q3;10.4;12.1;15.8;18.2;22.5;27.1;31.5;30.8;26.1;20.4;13.6;10.3;19.7
9390;Q4;10.9;14.2;17.1;18.5;23.4;29.3;32.0;31.6;27.1;22.1;15.5;10.9;20.0
9390;Max;13.0;16.5;20.3;20.0;25.7;31.5;33.8;33.8;29.0;23.2;17.3;11.9;20.8
9390;Mn;9.9;11.5;15.5;17.7;21.4;26.9;31.0;30.5;25.6;20.1;13.3;10.1;19.5
9390;Md;9.6;11.7;15.4;17.0;21.4;27.0;30.8;30.3;25.7;19.8;13.5;10.0;19.4
9390;S;1.50;2.44;2.00;1.94;2.49;2.35;1.63;1.70;1.69;2.28;1.74;1.04;0.79
9390;Cv;0.16;0.21;0.13;0.11;0.12;0.09;0.05;0.06;0.07;0.12;0.13;0.10;0.04
9434;N;30;29;30;30;30;30;30;30;30;30;30;30;29
9434;Min;6.8;10.0;13.7;15.2;17.9;24.2;29.0;28.6;24.7;17.3;12.1;8.5;19.6
9434;Q1;8.8;11.2;16.2;18.3;22.8;28.3;30.8;30.0;25.6;19.9;13.6;9.4;20.4
9434;Q2;10.1;12.0;16.8;19.3;23.4;28.8;32.0;31.4;26.9;20.8;14.5;10.3;20.9
9434;Q3;11.2;13.5;17.6;20.4;25.1;29.6;32.6;32.1;27.5;21.7;15.3;11.1;21.2
9434;Q4;12.3;15.2;18.6;21.0;26.0;31.0;34.1;33.1;28.3;23.2;16.1;12.1;21.6
9434;Max;13.2;18.0;20.7;21.4;27.3;33.8;35.6;35.5;30.7;24.5;17.1;13.7;22.2
9434;Mn;10.9;13.1;17.3;19.9;24.3;29.1;32.4;32.0;27.1;21.4;14.8;10.7;20.9
9434;Md;10.5;13.2;17.3;19.6;24.1;29.3;32.4;31.7;27.1;21.4;14.8;10.8;21.0
9434;S;1.86;2.10;1.69;1.52;2.07;2.05;1.59;1.68;1.44;1.80;1.29;1.45;0.62
9434;Cv;0.18;0.16;0.10;0.08;0.09;0.07;0.05;0.05;0.05;0.08;0.09;0.13;0.03
